,Year,Term,YearTerm,Subject,Number,Course Title,Sched Type,A+,A,A-,B+,B,B-,C+,C,C-,D+,D,D-,F,W,Students,Primary Instructor,Total_Grade_Points,Total_Students,Overall_GPA
14,2025,Winter,2025-wi,IS,445,Data Visualization,ONL,18,11,1,0,1,0,0,0,0,0,0,0,0,1,31,"Besser, Stephanie A",122.67,31,3.9570967741935483
826,2024,Fall,2024-fa,CS,124,Intro to Computer Science I,OLC,0,819,90,39,49,18,16,16,10,0,16,0,34,16,1107,"Challen, Geoffrey W",4033.21,1107,3.6433694670280037
1795,2024,Fall,2024-fa,IS,445,Data Visualization,LCD,0,41,3,2,0,0,0,1,0,0,0,0,1,1,48,"Turk, Matthew J",183.67,48,3.826458333333333
1796,2024,Fall,2024-fa,IS,445,Data Visualization,LCD,0,64,11,3,1,0,0,0,0,0,1,0,1,0,81,"Naiman, Jill P",310.36,81,3.8316049382716053
2148,2024,Fall,2024-fa,MATH,231,Calculus II,LEC,53,38,5,22,16,5,12,5,7,0,7,0,6,0,176,"Bahreini Esfaha, Manijeh",573.6100000000001,176,3.259147727272728
2149,2024,Fall,2024-fa,MATH,231,Calculus II,LEC,39,33,2,20,17,5,19,15,16,0,9,0,5,2,180,"Bahreini Esfaha, Manijeh",536.28,180,2.9793333333333334
2150,2024,Fall,2024-fa,MATH,231,Calculus II,LEC,20,40,6,12,12,4,10,17,9,0,13,0,6,0,149,"Bahreini Esfaha, Manijeh",433.98999999999995,149,2.912684563758389
2151,2024,Fall,2024-fa,MATH,231,Calculus II,LEC,32,29,15,5,5,7,4,5,10,0,0,0,3,2,115,"Wang, Yi",385.40999999999997,115,3.3513913043478256
2152,2024,Fall,2024-fa,MATH,231,Calculus II,LEC,26,47,56,44,27,32,15,10,10,3,3,1,1,0,275,"La Nave, Gabriele",889.7900000000001,275,3.2356000000000003
2153,2024,Fall,2024-fa,MATH,231,Calculus II,LEC,25,39,54,40,41,16,16,12,9,2,1,1,0,0,256,"La Nave, Gabriele",833.7399999999999,256,3.2567968749999996
2163,2024,Fall,2024-fa,MATH,257,Linear Algebra w Computat Appl,LEC,32,57,26,23,36,22,19,18,11,12,12,0,1,3,269,"Chuang, Jer-Chin",821.35,269,3.0533457249070635
2164,2024,Fall,2024-fa,MATH,257,Linear Algebra w Computat Appl,LEC,36,59,29,31,31,21,15,17,11,10,8,0,3,1,271,"Luecke, Kiran D",847.35,271,3.1267527675276754
2165,2024,Fall,2024-fa,MATH,257,Linear Algebra w Computat Appl,LEC,53,67,32,28,26,19,14,18,4,3,7,0,1,1,272,"Luecke, Kiran D",905.7,272,3.329779411764706
2805,2024,Fall,2024-fa,STAT,107,Data Science Discovery,LEC,51,273,69,27,34,17,12,11,11,3,3,1,11,0,523,"Flanagan, Karle A",1862.5200000000002,523,3.5612237093690253
2806,2024,Fall,2024-fa,STAT,107,Data Science Discovery,LEC,45,305,52,32,24,11,16,8,3,3,1,0,5,1,505,"Flanagan, Karle A",1862.0499999999997,505,3.6872277227722767
3684,2024,Spring,2024-sp,CS,124,Intro to Computer Science I,OLC,0,362,64,33,50,20,13,14,9,0,23,0,25,9,613,"Challen, Geoffrey W",2092.4900000000002,613,3.41352365415987
4355,2024,Spring,2024-sp,IS,445,Data Visualization,LCD,0,39,2,6,1,2,1,0,0,0,1,0,1,0,53,"Turk, Matthew J",194.99,53,3.679056603773585
4356,2024,Spring,2024-sp,IS,445,Data Visualization,ONL,20,8,0,0,1,0,0,0,0,0,0,0,0,0,29,"Uhe, Andrew W",115.0,29,3.9655172413793105
4598,2024,Spring,2024-sp,MATH,231,Calculus II,LEC,13,44,17,16,22,11,7,5,3,3,1,1,2,1,145,"Guo, Meng",476.02,145,3.282896551724138
4599,2024,Spring,2024-sp,MATH,231,Calculus II,LEC,15,53,42,32,17,20,9,11,12,4,4,2,5,0,226,"Placzek, Laura E",710.7700000000001,226,3.1450000000000005
4600,2024,Spring,2024-sp,MATH,231,Calculus II,LEC,53,58,9,30,27,10,11,12,7,0,3,0,4,1,224,"Bahreini Esfaha, Manijeh",748.95,224,3.343526785714286
4601,2024,Spring,2024-sp,MATH,231,Calculus II,LEC,51,57,7,33,33,17,12,6,6,0,4,0,1,0,227,"Bahreini Esfaha, Manijeh",765.95,227,3.3742290748898682
4602,2024,Spring,2024-sp,MATH,231,Calculus II,LEC,44,45,10,25,34,21,16,13,13,0,8,0,6,2,235,"Bahreini Esfaha, Manijeh",727.0100000000001,235,3.0936595744680857
4603,2024,Spring,2024-sp,MATH,231,Calculus II,LCD,6,5,2,2,4,1,0,2,0,0,1,0,0,0,23,"Liu, Yichen",77.67,23,3.3769565217391304
4609,2024,Spring,2024-sp,MATH,257,Linear Algebra w Computat Appl,LEC,13,54,39,33,33,16,16,15,8,7,13,0,6,5,253,"Chuang, Jer-Chin",765.6899999999999,253,3.026442687747035
4610,2024,Spring,2024-sp,MATH,257,Linear Algebra w Computat Appl,LEC,15,59,38,31,34,22,14,12,9,8,8,0,9,1,259,"Chuang, Jer-Chin",789.72,259,3.0491119691119692
4611,2024,Spring,2024-sp,MATH,257,Linear Algebra w Computat Appl,LEC,18,73,39,44,36,28,11,14,8,3,6,0,3,1,283,"Leditzky, Felix",913.39,283,3.2275265017667842
4612,2024,Spring,2024-sp,MATH,257,Linear Algebra w Computat Appl,LEC,20,73,36,41,41,18,13,18,8,6,11,0,2,2,287,"Leditzky, Felix",910.34,287,3.1719163763066205
4613,2024,Spring,2024-sp,MATH,257,Linear Algebra w Computat Appl,LEC,25,60,40,33,29,30,16,18,7,1,7,0,7,1,273,"Luecke, Kiran D",857.0900000000001,273,3.1395238095238103
4614,2024,Spring,2024-sp,MATH,257,Linear Algebra w Computat Appl,LEC,26,68,34,30,43,29,12,12,8,6,7,0,4,1,279,"Luecke, Kiran D",887.41,279,3.1806810035842292
5174,2024,Spring,2024-sp,STAT,107,Data Science Discovery,LEC,50,263,82,50,37,21,23,13,9,5,10,4,6,6,573,"Flanagan, Karle A",2000.46,573,3.4912041884816754
5419,2024,Summer,2024-su,MATH,257,Linear Algebra w Computat Appl,ONL,7,21,9,12,9,2,4,7,0,2,1,0,1,0,75,"Nawaz, Tayyab",244.31,75,3.2574666666666667
5420,2024,Summer,2024-su,MATH,257,Linear Algebra w Computat Appl,ONL,2,17,12,11,9,4,6,2,2,0,2,0,1,1,68,"Nawaz, Tayyab",217.67,68,3.2010294117647056
6376,2023,Fall,2023-fa,CS,124,Intro to Computer Science I,OLC,0,775,104,54,39,15,12,17,0,0,24,0,22,2,1062,"Challen, Geoffrey W",3904.51,1062,3.6765630885122413
7192,2023,Fall,2023-fa,IS,445,Data Visualization,LCD,0,47,2,0,0,1,0,0,0,0,0,0,0,0,50,"Turk, Matthew J",198.01,50,3.9602
7193,2023,Fall,2023-fa,IS,445,Data Visualization,LCD,0,60,6,2,3,2,1,2,0,0,0,0,0,1,76,"Naiman, Jill P",289.34999999999997,76,3.807236842105263
7544,2023,Fall,2023-fa,MATH,231,Calculus II,LEC,35,48,10,30,7,8,13,0,5,3,0,0,3,0,162,"Bahreini Esfaha, Manijeh",553.59,162,3.4172222222222226
7545,2023,Fall,2023-fa,MATH,231,Calculus II,LEC,27,27,7,29,9,8,12,5,7,12,0,0,11,0,154,"Bahreini Esfaha, Manijeh",452.22999999999996,154,2.936558441558441
7546,2023,Fall,2023-fa,MATH,231,Calculus II,LEC,22,41,11,30,7,12,12,4,4,4,0,0,4,0,151,"Bahreini Esfaha, Manijeh",493.27,151,3.266688741721854
7547,2023,Fall,2023-fa,MATH,231,Calculus II,LEC,11,15,18,17,11,10,7,3,2,7,1,1,6,2,109,"Wu, Xuan",323.0,109,2.963302752293578
7548,2023,Fall,2023-fa,MATH,231,Calculus II,LEC,22,54,62,28,25,20,8,9,4,0,1,0,2,0,235,"La Nave, Gabriele",797.4999999999999,235,3.3936170212765955
7549,2023,Fall,2023-fa,MATH,231,Calculus II,LEC,31,42,49,30,10,21,6,7,6,0,3,0,1,0,206,"La Nave, Gabriele",698.8000000000001,206,3.3922330097087383
7557,2023,Fall,2023-fa,MATH,257,Linear Algebra w Computat Appl,LEC,27,50,38,32,44,22,14,14,9,3,9,0,3,0,265,"Chuang, Jer-Chin",833.4,265,3.144905660377358
7558,2023,Fall,2023-fa,MATH,257,Linear Algebra w Computat Appl,LEC,29,60,49,29,42,17,13,16,6,1,3,0,2,2,267,"Chuang, Jer-Chin",880.43,267,3.2974906367041195
7559,2023,Fall,2023-fa,MATH,257,Linear Algebra w Computat Appl,LEC,16,64,38,34,44,19,18,13,5,6,7,0,0,0,264,"Srikant, Jenny J",846.6800000000002,264,3.207121212121213
8170,2023,Fall,2023-fa,STAT,107,Data Science Discovery,LEC,56,285,59,36,24,17,15,11,6,1,4,0,10,1,524,"Flanagan, Karle A",1890.1,524,3.60706106870229
8171,2023,Fall,2023-fa,STAT,107,Data Science Discovery,LEC,66,301,49,31,30,11,13,11,6,2,2,0,3,1,525,"Flanagan, Karle A",1937.3999999999999,525,3.690285714285714
9009,2023,Spring,2023-sp,CS,124,Intro to Computer Science I,OLC,0,466,80,44,37,20,12,11,5,5,5,4,22,4,711,"Challen, Geoffrey W",2541.16,711,3.574064697609001
9638,2023,Spring,2023-sp,IS,445,Data Visualization,ONL,0,41,4,0,1,1,2,1,0,0,0,0,0,0,50,"Naiman, Jill P",191.01,50,3.8202
9853,2023,Spring,2023-sp,MATH,231,Calculus II,LEC,56,43,3,51,10,11,23,4,8,6,0,0,8,0,223,"Bahreini Esfaha, Manijeh",719.1400000000001,223,3.2248430493273545
9854,2023,Spring,2023-sp,MATH,231,Calculus II,LEC,50,65,2,60,12,19,17,3,8,2,0,0,7,1,245,"Bahreini Esfaha, Manijeh",815.5,245,3.3285714285714287
9855,2023,Spring,2023-sp,MATH,231,Calculus II,LEC,54,67,4,67,10,12,19,4,6,4,0,0,6,0,253,"Bahreini Esfaha, Manijeh",851.4399999999999,253,3.365375494071146
9856,2023,Spring,2023-sp,MATH,231,Calculus II,LEC,40,80,8,57,16,14,16,5,8,7,0,0,3,0,254,"Dobbs, Theresa M",854.5,254,3.3641732283464565
9857,2023,Spring,2023-sp,MATH,231,Calculus II,LEC,42,88,6,49,10,13,16,5,4,6,0,0,2,1,241,"Dobbs, Theresa M",831.84,241,3.451618257261411
9858,2023,Spring,2023-sp,MATH,231,Calculus II,LCD,5,3,1,4,3,1,1,4,0,0,0,0,0,0,22,"Liu, Yichen",70.99000000000001,22,3.226818181818182
9864,2023,Spring,2023-sp,MATH,257,Linear Algebra w Computat Appl,LEC,30,103,62,35,33,21,16,13,6,3,14,0,3,2,339,"Chuang, Jer-Chin",1122.4499999999998,339,3.3110619469026545
9865,2023,Spring,2023-sp,MATH,257,Linear Algebra w Computat Appl,LEC,23,124,56,46,40,11,15,14,7,4,16,0,10,3,366,"Chuang, Jer-Chin",1192.03,366,3.256912568306011
9866,2023,Spring,2023-sp,MATH,257,Linear Algebra w Computat Appl,LEC,27,134,56,24,41,20,16,14,10,4,1,0,5,3,352,"Chuang, Jer-Chin",1194.14,352,3.392443181818182
9867,2023,Spring,2023-sp,MATH,257,Linear Algebra w Computat Appl,LEC,15,99,66,38,36,23,13,11,5,2,7,0,13,2,328,"Chuang, Jer-Chin",1064.47,328,3.245335365853659
10412,2023,Spring,2023-sp,STAT,107,Data Science Discovery,LEC,44,177,36,20,22,8,12,7,5,2,0,0,8,0,341,"Flanagan, Karle A",1223.05,341,3.586656891495601
10562,2023,Winter,2023-wi,IS,445,Data Visualization,ONL,28,3,3,2,3,2,1,0,0,0,0,0,0,0,42,"Besser, Stephanie A",158.34,42,3.77
11397,2022,Fall,2022-fa,CS,124,Intro to Computer Science I,OLC,0,888,101,54,44,16,9,28,8,0,16,0,27,5,1191,"Challen, Geoffrey W",4383.54,1191,3.6805541561712847
12197,2022,Fall,2022-fa,IS,445,Data Visualization,LCD,0,72,2,0,1,0,0,0,0,0,0,0,0,0,75,"Turk, Matthew J",298.34,75,3.9778666666666664
12198,2022,Fall,2022-fa,IS,445,Data Visualization,LCD,0,25,0,1,0,0,0,1,0,0,0,0,0,0,27,"Naiman, Jill P",105.33,27,3.901111111111111
12199,2022,Fall,2022-fa,IS,445,Data Visualization,ONL,0,65,1,4,0,0,0,0,0,0,0,1,1,0,72,"Naiman, Jill P",277.66,72,3.856388888888889
12556,2022,Fall,2022-fa,MATH,231,Calculus II,LEC,25,25,22,21,9,7,14,5,3,3,1,4,10,1,149,"Bahreini Esfaha, Manijeh",451.66,149,3.031275167785235
12557,2022,Fall,2022-fa,MATH,231,Calculus II,LEC,22,18,21,35,10,11,13,9,2,4,3,3,7,2,158,"Bahreini Esfaha, Manijeh",474.95,158,3.006012658227848
12558,2022,Fall,2022-fa,MATH,231,Calculus II,LEC,17,12,11,27,7,10,15,13,4,8,6,2,11,1,143,"Bahreini Esfaha, Manijeh",379.5899999999999,143,2.654475524475524
12559,2022,Fall,2022-fa,MATH,231,Calculus II,LEC,17,42,17,27,35,23,21,35,18,0,3,0,0,1,238,"Berwick Evans, Daniel",706.6999999999998,238,2.969327731092436
12560,2022,Fall,2022-fa,MATH,231,Calculus II,LEC,11,27,31,22,39,30,34,25,13,0,1,0,4,3,237,"Berwick Evans, Daniel",688.0600000000001,237,2.9032067510548525
12569,2022,Fall,2022-fa,MATH,257,Linear Algebra w Computat Appl,LEC,11,82,49,21,39,25,11,8,6,4,4,0,7,1,267,"Chuang, Jer-Chin",866.48,267,3.245243445692884
12570,2022,Fall,2022-fa,MATH,257,Linear Algebra w Computat Appl,LEC,11,95,41,27,34,20,15,12,5,3,10,0,5,0,278,"Chuang, Jer-Chin",901.07,278,3.2412589928057556
12571,2022,Fall,2022-fa,MATH,257,Linear Algebra w Computat Appl,LEC,13,77,29,32,19,14,9,9,6,12,9,0,5,0,234,"Chuang, Jer-Chin",741.32,234,3.1680341880341882
13196,2022,Fall,2022-fa,STAT,107,Data Science Discovery,LEC,34,373,48,44,19,17,15,7,5,3,1,2,13,2,581,"Flanagan, Karle A",2116.7,581,3.6432013769363163
14028,2022,Spring,2022-sp,CS,124,Intro to Computer Science I,OLC,70,314,43,25,23,27,12,9,9,0,18,0,28,4,578,"Challen, Geoffrey W",1997.1399999999999,578,3.4552595155709342
14686,2022,Spring,2022-sp,IS,445,Data Visualization,LCD,0,56,3,1,0,0,0,1,0,0,0,0,1,0,62,"Naiman, Jill P",240.34,62,3.876451612903226
14936,2022,Spring,2022-sp,MATH,231,Calculus II,LEC,16,40,33,17,35,26,10,13,14,6,4,5,13,0,232,"Bahreini Esfaha, Manijeh",664.15,232,2.862715517241379
14937,2022,Spring,2022-sp,MATH,231,Calculus II,LEC,15,34,29,33,38,28,15,15,17,3,2,3,13,1,245,"Bahreini Esfaha, Manijeh",702.42,245,2.867020408163265
14938,2022,Spring,2022-sp,MATH,231,Calculus II,LEC,9,37,34,18,46,25,19,24,13,3,8,2,12,1,250,"Bahreini Esfaha, Manijeh",700.7800000000001,250,2.8031200000000003
14939,2022,Spring,2022-sp,MATH,231,Calculus II,LEC,24,21,19,16,34,13,17,23,24,5,10,0,23,4,229,"Guzman, Rosemary K",582.06,229,2.5417467248908294
14940,2022,Spring,2022-sp,MATH,231,Calculus II,LEC,12,19,14,13,39,21,15,21,19,4,9,0,13,3,199,"Guzman, Rosemary K",514.74,199,2.586633165829146
14946,2022,Spring,2022-sp,MATH,257,Linear Algebra w Computat Appl,LEC,66,128,49,28,11,6,1,2,0,1,0,0,4,2,296,"Srikant, Jenny J",1105.7499999999998,296,3.735641891891891
14947,2022,Spring,2022-sp,MATH,257,Linear Algebra w Computat Appl,LEC,60,145,43,33,16,7,4,4,1,1,0,0,0,1,314,"Chuang, Jer-Chin",1174.71,314,3.7411146496815286
14948,2022,Spring,2022-sp,MATH,257,Linear Algebra w Computat Appl,LEC,47,138,43,23,9,6,3,0,0,2,2,0,0,0,273,"Chuang, Jer-Chin",1029.07,273,3.769487179487179
14949,2022,Spring,2022-sp,MATH,257,Linear Algebra w Computat Appl,LEC,36,87,30,13,12,6,8,5,3,4,2,0,6,2,212,"Srikant, Jenny J",738.38,212,3.482924528301887
15488,2022,Spring,2022-sp,STAT,107,Data Science Discovery,LEC,9,125,24,10,21,11,4,5,2,6,2,1,10,2,230,"Flanagan, Karle A",783.0600000000001,230,3.404608695652174
15662,2022,Summer,2022-su,CS,124,Intro to Computer Science I,OLC,0,67,13,6,6,3,3,1,3,0,5,0,5,5,112,"Challen, Geoffrey W",380.7,112,3.399107142857143
15726,2022,Summer,2022-su,MATH,231,Calculus II,LCD,1,10,1,4,0,1,1,3,0,0,1,0,0,0,22,"McCourt, Grace",72.99000000000001,22,3.3177272727272733
15727,2022,Summer,2022-su,MATH,231,Calculus II,ONL,0,3,2,1,13,2,0,3,2,0,2,0,6,2,34,"Carpenter, Bruce",78.35000000000001,34,2.3044117647058826
15729,2022,Summer,2022-su,MATH,257,Linear Algebra w Computat Appl,ONL,18,25,10,6,5,7,3,4,3,0,1,0,2,1,84,"McCarthy, Randy",283.37,84,3.373452380952381
15730,2022,Summer,2022-su,MATH,257,Linear Algebra w Computat Appl,ONL,13,25,16,9,6,4,2,3,0,1,0,0,0,1,79,"McCarthy, Randy",281.36,79,3.5615189873417723
16642,2021,Fall,2021-fa,CS,124,Intro to Computer Science I,OLC,128,833,71,45,42,18,17,16,8,0,19,0,37,12,1234,"Challen, Geoffrey W",4532.45,1234,3.6729740680713125
17388,2021,Fall,2021-fa,IS,445,Data Visualization,LCD,30,11,1,0,0,0,0,1,0,0,0,0,0,0,43,"Turk, Matthew J",169.67,43,3.9458139534883716
17768,2021,Fall,2021-fa,MATH,231,Calculus II,OLC,12,9,5,14,22,7,11,5,15,7,1,0,7,5,115,"Guzman, Rosemary K",304.65000000000003,115,2.649130434782609
17769,2021,Fall,2021-fa,MATH,231,Calculus II,OLC,8,16,13,8,25,14,7,9,18,10,3,0,7,4,138,"Guzman, Rosemary K",363.40000000000003,138,2.6333333333333337
17770,2021,Fall,2021-fa,MATH,231,Calculus II,OLC,10,10,12,9,21,9,13,8,24,8,3,0,13,5,140,"Guzman, Rosemary K",341.04999999999995,140,2.436071428571428
17771,2021,Fall,2021-fa,MATH,231,Calculus II,OLC,16,45,29,31,38,18,15,23,17,2,7,0,2,0,243,"Berwick Evans, Daniel",734.72,243,3.023539094650206
17772,2021,Fall,2021-fa,MATH,231,Calculus II,OLC,12,35,38,33,35,16,12,28,22,4,3,0,3,0,241,"Berwick Evans, Daniel",714.0900000000001,241,2.9630290456431543
17782,2021,Fall,2021-fa,MATH,257,Linear Algebra w Computat Appl,OLC,30,88,36,24,31,15,9,6,4,2,3,0,2,1,250,"Chuang, Jer-Chin",862.3999999999999,250,3.4495999999999993
17783,2021,Fall,2021-fa,MATH,257,Linear Algebra w Computat Appl,OLC,13,70,33,29,24,19,9,12,5,5,10,0,13,0,242,"Chuang, Jer-Chin",742.3800000000001,242,3.0676859504132237
17784,2021,Fall,2021-fa,MATH,257,Linear Algebra w Computat Appl,OLC,1,6,3,7,1,2,2,0,1,0,0,0,0,0,23,"Chuang, Jer-Chin",76.99,23,3.347391304347826
18415,2021,Fall,2021-fa,STAT,107,Data Science Discovery,OLC,127,61,33,16,19,4,2,5,4,2,2,0,12,2,287,"Flanagan, Karle A",1020.0699999999998,287,3.554250871080139
19848,2021,Spring,2021-sp,IS,445,Data Visualization,ONL,0,33,0,1,0,0,1,0,0,0,0,0,0,0,35,"Naiman, Jill P",137.66000000000003,35,3.9331428571428577
20042,2021,Spring,2021-sp,MATH,231,Calculus II,OLC,103,168,70,40,51,23,27,31,29,7,6,4,6,0,565,"Folwaczny, Lena C",1879.8400000000004,565,3.3271504424778766
20043,2021,Spring,2021-sp,MATH,231,Calculus II,OLC,98,139,76,46,57,33,27,22,20,3,13,1,9,0,544,"Folwaczny, Lena C",1797.1800000000003,544,3.3036397058823535
20044,2021,Spring,2021-sp,MATH,231,Calculus II,ONL,3,3,4,6,1,3,1,1,0,0,1,0,1,0,24,"Dobbs, Theresa M",75.0,24,3.125
20585,2021,Spring,2021-sp,STAT,107,Data Science Discovery,OLC,23,37,13,9,6,2,3,2,6,1,6,3,12,0,123,"Nguyen, Ha Khanh",371.3699999999999,123,3.0192682926829257
20806,2021,Summer,2021-su,MATH,231,Calculus II,ONL,0,7,1,2,0,0,0,5,1,1,4,1,3,0,25,"Murley, Cassie L",56.0,25,2.24
20809,2021,Summer,2021-su,MATH,257,Linear Algebra w Computat Appl,ONL,4,14,3,6,3,2,0,2,1,0,1,1,0,0,37,"McCarthy, Randy",124.67000000000002,37,3.36945945945946
21028,2021,Winter,2021-wi,MATH,231,Calculus II,ONL,7,5,3,6,0,4,5,4,0,0,1,1,2,1,38,"Folwaczny, Lena C",110.99,38,2.9207894736842106
21029,2021,Winter,2021-wi,MATH,231,Calculus II,ONL,0,3,6,5,5,5,3,3,1,2,1,0,3,5,37,"Carpenter, Bruce",97.33999999999997,37,2.63081081081081
22450,2020,Fall,2020-fa,IS,445,Data Visualization,ONL,0,25,2,1,0,0,1,0,0,0,0,0,0,0,29,"Naiman, Jill P",113.0,29,3.896551724137931
22451,2020,Fall,2020-fa,IS,445,Data Visualization,ONL,0,33,1,0,0,1,0,0,0,0,0,0,0,0,35,"Turk, Matthew J",138.33999999999997,35,3.952571428571428
22736,2020,Fall,2020-fa,MATH,231,Calculus II,OLC,28,61,18,11,12,9,11,5,6,4,0,0,1,0,166,"Folwaczny, Lena C",569.69,166,3.4318674698795184
22737,2020,Fall,2020-fa,MATH,231,Calculus II,OLC,16,40,24,16,18,8,24,11,1,3,0,4,0,0,165,"Folwaczny, Lena C",526.98,165,3.193818181818182
22738,2020,Fall,2020-fa,MATH,231,Calculus II,OLC,7,28,11,11,19,10,17,6,10,0,0,0,0,0,119,"Folwaczny, Lena C",369.01,119,3.100924369747899
22739,2020,Fall,2020-fa,MATH,231,Calculus II,OLC,11,46,65,33,30,17,7,5,7,0,0,1,0,0,222,"Bronski, Jared C",750.4999999999999,222,3.38063063063063
22740,2020,Fall,2020-fa,MATH,231,Calculus II,OLC,17,29,56,22,18,17,7,6,6,0,0,0,2,0,180,"Bronski, Jared C",600.5,180,3.3361111111111112
23329,2020,Fall,2020-fa,STAT,107,Data Science Discovery,OLC,22,86,13,11,10,3,4,4,4,1,0,0,5,0,163,"Nguyen, Ha Khanh",579.6800000000001,163,3.5563190184049085
24880,2020,Spring,2020-sp,MATH,231,Calculus II,LEC,12,24,25,12,45,22,29,26,13,2,10,2,9,0,231,"Folwaczny, Lena C",624.73,231,2.7044588744588745
24881,2020,Spring,2020-sp,MATH,231,Calculus II,LEC,5,22,32,22,56,24,26,23,16,6,11,10,6,0,259,"Folwaczny, Lena C",689.7600000000001,259,2.6631660231660237
24882,2020,Spring,2020-sp,MATH,231,Calculus II,LEC,5,18,18,22,38,18,22,19,13,2,9,4,4,0,192,"Guzman, Rosemary K",518.6899999999999,192,2.7015104166666664
24883,2020,Spring,2020-sp,MATH,231,Calculus II,LEC,11,14,18,20,27,13,23,20,6,4,2,7,5,0,170,"Guzman, Rosemary K",463.9899999999999,170,2.72935294117647
24884,2020,Spring,2020-sp,MATH,231,Calculus II,LCD,1,6,2,2,3,1,2,2,2,2,2,0,0,0,25,"Han, Xiaolong",70.33,25,2.8132
25420,2020,Spring,2020-sp,STAT,107,Data Science Discovery,LEC,13,53,3,1,3,3,1,2,2,0,0,0,5,0,86,"Flanagan, Karle A",305.0199999999999,86,3.5467441860465105
25658,2020,Summer,2020-su,MATH,231,Calculus II,ONL,7,5,3,6,0,4,5,4,0,0,1,1,2,1,38,"Folwaczny, Lena C",110.99,38,2.9207894736842106
25659,2020,Summer,2020-su,MATH,231,Calculus II,ONL,0,3,6,5,5,5,3,3,1,2,1,0,3,5,37,"Carpenter, Bruce",97.33999999999997,37,2.63081081081081
27686,2019,Fall,2019-fa,MATH,231,Calculus II,LEC,21,20,19,13,19,20,17,12,12,5,1,2,5,1,166,"Petrickova, Sarka",480.06,166,2.8919277108433734
27687,2019,Fall,2019-fa,MATH,231,Calculus II,LEC,6,14,15,19,24,14,14,9,6,7,6,4,5,4,143,"Petrickova, Sarka",386.33000000000004,143,2.7016083916083917
27688,2019,Fall,2019-fa,MATH,231,Calculus II,LEC,7,13,12,15,14,12,10,10,13,9,8,2,6,2,131,"Petrickova, Sarka",334.34999999999997,131,2.552290076335878
27689,2019,Fall,2019-fa,MATH,231,Calculus II,LEC,9,29,25,59,34,20,24,16,9,0,16,0,5,1,246,"Baryshnikov, Yuliy",714.5699999999999,246,2.904756097560975
27690,2019,Fall,2019-fa,MATH,231,Calculus II,LEC,6,31,29,68,25,23,14,13,12,0,18,0,2,1,241,"Baryshnikov, Yuliy",713.9399999999999,241,2.9624066390041492
28283,2019,Fall,2019-fa,STAT,107,Data Science Discovery,LEC,6,109,7,13,11,4,3,3,3,4,2,0,5,2,170,"Flanagan, Karle A",597.98,170,3.517529411764706
29909,2019,Spring,2019-sp,MATH,231,Calculus II,LEC,28,25,13,31,36,27,30,31,18,10,5,4,5,1,263,"Zharnitsky, Vadim",725.9699999999998,263,2.760342205323193
29910,2019,Spring,2019-sp,MATH,231,Calculus II,LEC,26,36,12,23,37,31,14,29,20,7,14,8,5,4,262,"Zharnitsky, Vadim",715.0899999999999,262,2.7293511450381676
29911,2019,Spring,2019-sp,MATH,231,Calculus II,LEC,15,35,14,22,36,19,19,14,18,10,6,8,2,4,218,"Guzman, Rosemary K",610.3599999999999,218,2.7998165137614675
29912,2019,Spring,2019-sp,MATH,231,Calculus II,LEC,12,35,15,19,27,22,12,22,13,4,9,3,4,1,197,"Guzman, Rosemary K",556.0600000000001,197,2.82263959390863
30728,2019,Summer,2019-su,MATH,231,Calculus II,LCD,5,4,3,3,5,0,0,1,0,0,2,0,0,0,23,"Folwaczny, Lena C",76.0,23,3.3043478260869565
30729,2019,Summer,2019-su,MATH,231,Calculus II,ONL,0,4,2,1,6,1,0,4,0,0,1,1,5,1,25,"Carpenter, Bruce",57.010000000000005,25,2.2804
32650,2018,Fall,2018-fa,MATH,231,Calculus II,LEC,13,27,12,14,4,17,10,17,11,14,8,5,9,2,161,"Petrickova, Sarka",413.69,161,2.569503105590062
32651,2018,Fall,2018-fa,MATH,231,Calculus II,LEC,19,25,11,16,19,8,16,11,8,8,2,2,7,5,152,"Petrickova, Sarka",434.62999999999994,152,2.8594078947368415
32652,2018,Fall,2018-fa,MATH,231,Calculus II,LEC,23,23,11,12,12,23,9,4,11,6,5,6,11,4,156,"Petrickova, Sarka",426.08000000000004,156,2.7312820512820517
32653,2018,Fall,2018-fa,MATH,231,Calculus II,LEC,15,39,26,45,37,33,12,14,7,7,5,0,4,1,244,"Bronski, Jared C",742.34,244,3.042377049180328
32654,2018,Fall,2018-fa,MATH,231,Calculus II,LEC,17,45,36,37,38,32,30,14,3,10,5,2,7,0,276,"Bronski, Jared C",825.3199999999999,276,2.9902898550724637
34930,2018,Spring,2018-sp,MATH,231,Calculus II,,26,39,29,19,34,31,20,14,21,7,7,8,5,1,260,"Petrickova, Sarka",745.8100000000001,260,2.8685
34931,2018,Spring,2018-sp,MATH,231,Calculus II,,35,38,23,15,39,21,20,16,12,17,8,3,8,0,255,"Petrickova, Sarka",730.6899999999999,255,2.865450980392157
34932,2018,Spring,2018-sp,MATH,231,Calculus II,,21,36,20,14,31,24,16,13,9,10,5,5,6,2,210,"Martinez Robles, Jaime Ni",605.06,210,2.881238095238095
34933,2018,Spring,2018-sp,MATH,231,Calculus II,,29,34,18,18,24,23,16,21,18,10,4,3,4,0,222,"Petrickova, Sarka",640.0599999999998,222,2.8831531531531525
34934,2018,Spring,2018-sp,MATH,231,Calculus II,,1,2,3,0,4,4,2,2,1,1,0,2,0,1,22,"Ahmed, Iftikhar",58.69,22,2.6677272727272725
35761,2018,Summer,2018-su,MATH,231,Calculus II,ONL,0,6,2,5,7,3,0,4,1,0,2,0,3,2,33,"Carpenter, Bruce",88.67,33,2.686969696969697
37732,2017,Fall,2017-fa,MATH,231,Calculus II,,12,20,9,9,22,13,16,11,8,9,7,1,14,0,151,"Kerman, Ely",383.99000000000007,151,2.5429801324503316
37733,2017,Fall,2017-fa,MATH,231,Calculus II,,24,32,21,13,27,12,7,13,12,9,13,7,6,4,196,"Whittlesey, Kim",549.4100000000001,196,2.8031122448979597
37734,2017,Fall,2017-fa,MATH,231,Calculus II,,10,21,14,9,18,16,18,17,23,7,12,9,13,6,187,"Whittlesey, Kim",443.76000000000005,187,2.3730481283422464
37735,2017,Fall,2017-fa,MATH,231,Calculus II,,12,34,35,31,54,27,20,22,11,6,3,0,1,1,256,"Bronski, Jared C",769.7200000000001,256,3.0067187500000006
37736,2017,Fall,2017-fa,MATH,231,Calculus II,,9,40,39,37,43,20,15,21,5,3,3,2,1,0,238,"Bronski, Jared C",738.3700000000001,238,3.102394957983194
40051,2017,Spring,2017-sp,MATH,231,Calculus II,,4,44,23,23,36,28,17,24,11,7,9,0,9,2,235,"Schenck, Henry K",660.05,235,2.808723404255319
40052,2017,Spring,2017-sp,MATH,231,Calculus II,,7,26,17,13,35,17,16,20,6,14,3,0,10,0,184,"Wyser, Benjamin J",496.9899999999999,184,2.7010326086956518
40053,2017,Spring,2017-sp,MATH,231,Calculus II,,7,26,7,14,22,18,19,19,13,9,12,0,11,1,177,"Guzman, Rosemary K",446.32,177,2.5215819209039547
40054,2017,Spring,2017-sp,MATH,231,Calculus II,,8,35,16,21,33,18,16,27,15,12,5,0,10,2,216,"Wyser, Benjamin J",585.0,216,2.7083333333333335
40055,2017,Spring,2017-sp,MATH,231,Calculus II,,11,31,17,24,32,15,13,24,13,8,6,0,4,3,198,"Leininger, Christopher J",563.0000000000001,198,2.843434343434344
40056,2017,Spring,2017-sp,MATH,231,Calculus II,,1,4,3,0,5,2,0,6,1,0,2,0,0,0,24,"Longfield, Stephen J",67.02,24,2.7925
40855,2017,Summer,2017-su,MATH,231,Calculus II,,2,2,1,3,3,4,0,2,2,1,0,1,0,1,21,"Toprak, Ebru",58.68000000000001,21,2.7942857142857145
40856,2017,Summer,2017-su,MATH,231,Calculus II,,0,7,4,0,1,5,1,1,2,2,0,1,5,1,29,"Carpenter, Bruce",70.03,29,2.4148275862068966
42889,2016,Fall,2016-fa,MATH,231,Calculus II,,19,26,17,23,12,10,13,12,13,9,5,1,7,5,167,"Ahlgren, Scott D",475.32000000000005,167,2.84622754491018
42890,2016,Fall,2016-fa,MATH,231,Calculus II,,15,13,15,21,16,16,18,14,16,7,5,4,9,6,169,"Duursma, Iwan M",441.35,169,2.6115384615384616
42891,2016,Fall,2016-fa,MATH,231,Calculus II,,9,12,12,12,23,17,16,17,13,10,11,6,13,2,171,"Duursma, Iwan M",403.69999999999993,171,2.360818713450292
42892,2016,Fall,2016-fa,MATH,231,Calculus II,,8,24,18,24,35,17,21,12,10,5,5,0,1,0,180,"DeVille, Robert E",525.65,180,2.9202777777777778
42893,2016,Fall,2016-fa,MATH,231,Calculus II,,11,44,33,57,53,27,14,11,6,6,6,0,7,1,275,"DeVille, Robert E",840.6300000000001,275,3.0568363636363642
45116,2016,Spring,2016-sp,MATH,231,Calculus II,LEC,9,21,30,35,39,16,21,21,12,15,3,2,13,3,237,"Duursma, Iwan M",641.63,237,2.7072995780590716
45117,2016,Spring,2016-sp,MATH,231,Calculus II,LEC,6,14,17,21,16,22,28,25,13,6,2,4,6,2,180,"Guzman, Rosemary K",468.67,180,2.6037222222222223
45118,2016,Spring,2016-sp,MATH,231,Calculus II,LEC,9,15,24,20,30,20,17,26,15,13,3,2,15,2,209,"Guzman, Rosemary K",532.37,209,2.547224880382775
45119,2016,Spring,2016-sp,MATH,231,Calculus II,LCD,20,3,5,0,2,1,1,0,1,0,0,0,0,0,33,"Nikolaev, Igor G",123.02,33,3.7278787878787876
45120,2016,Spring,2016-sp,MATH,231,Calculus II,LEC,12,19,29,39,28,17,18,22,13,5,3,7,11,6,223,"Duursma, Iwan M",611.6800000000001,223,2.742959641255606
45121,2016,Spring,2016-sp,MATH,231,Calculus II,LEC,14,15,25,13,26,22,30,20,14,9,7,3,20,8,218,"Bradlow, Steven B",542.04,218,2.4864220183486236
45122,2016,Spring,2016-sp,MATH,231,Calculus II,LCD,3,5,2,4,2,0,2,3,1,0,1,0,0,0,23,"Panagiotopoulos, Aristote",71.99000000000001,23,3.1300000000000003
47813,2015,Fall,2015-fa,MATH,231,Calculus II,LEC,15,28,13,15,14,9,19,8,6,6,3,2,6,1,144,"Ahlgren, Scott D",418.3,144,2.9048611111111113
47814,2015,Fall,2015-fa,MATH,231,Calculus II,LEC,10,24,10,18,25,14,16,19,13,14,5,6,8,1,182,"Whittlesey, Kim",469.6499999999999,182,2.580494505494505
47815,2015,Fall,2015-fa,MATH,231,Calculus II,LEC,8,18,13,21,10,13,24,14,17,10,6,11,17,6,182,"Whittlesey, Kim",425.33000000000004,182,2.3369780219780223
47816,2015,Fall,2015-fa,MATH,231,Calculus II,LEC,10,39,31,38,31,33,26,19,9,5,0,1,1,1,243,"Bronski, Jared C",738.3499999999999,243,3.038477366255144
47817,2015,Fall,2015-fa,MATH,231,Calculus II,LEC,8,39,47,43,27,33,42,25,17,4,3,3,1,1,292,"Bronski, Jared C",859.3700000000001,292,2.94304794520548
50064,2015,Spring,2015-sp,MATH,231,Calculus II,LEC,3,21,22,37,41,41,17,17,11,8,5,2,6,3,231,"Muncaster, Robert G",641.3800000000001,231,2.776536796536797
50065,2015,Spring,2015-sp,MATH,231,Calculus II,LEC,2,11,13,20,37,21,22,20,13,13,3,4,4,1,183,"Brannan, Michael P",469.32,183,2.5645901639344264
50066,2015,Spring,2015-sp,MATH,231,Calculus II,LEC,35,23,9,11,12,10,12,8,8,5,8,2,38,1,181,"McCarthy, Randy",437.6699999999999,181,2.418066298342541
50067,2015,Spring,2015-sp,MATH,231,Calculus II,LCD,10,5,5,0,1,0,1,1,1,0,0,0,0,0,24,"Nikolaev, Igor G",87.35,24,3.639583333333333
50068,2015,Spring,2015-sp,MATH,231,Calculus II,LEC,8,17,26,46,25,23,25,21,12,4,4,0,6,3,217,"Mortensen, Karen P",614.62,217,2.8323502304147468
50069,2015,Spring,2015-sp,MATH,231,Calculus II,LEC,20,17,12,13,24,12,24,24,10,3,8,3,10,6,180,"Gilbert, Rebekah A",473.99,180,2.633277777777778
50070,2015,Spring,2015-sp,MATH,231,Calculus II,LCD,0,4,2,4,5,2,2,1,1,1,1,1,0,0,24,"West, Argen M",68.33,24,2.8470833333333334
50984,2015,Summer,2015-su,MATH,231,Calculus II,LCD,8,10,4,12,12,6,0,6,0,0,2,0,0,2,60,"Hasler, Jordan J",192.66000000000003,60,3.2110000000000003
50985,2015,Summer,2015-su,MATH,231,Calculus II,LCD,2,8,10,2,12,2,8,4,2,4,0,0,2,0,56,"Romney, Matthew D",160.0,56,2.857142857142857
50986,2015,Summer,2015-su,MATH,231,Calculus II,ONL,0,2,2,4,4,2,10,4,4,0,0,0,2,0,34,"Carpenter, Bruce",83.97999999999999,34,2.4699999999999998
52903,2014,Fall,2014-fa,MATH,231,Calculus II,LEC,20,15,22,21,15,16,18,13,11,7,4,2,7,2,171,"Ahlgren, Scott D",479.34999999999997,171,2.8032163742690055
52904,2014,Fall,2014-fa,MATH,231,Calculus II,LEC,16,16,15,21,22,22,29,14,11,9,5,4,16,4,200,"Whittlesey, Kim",511.31000000000006,200,2.55655
52905,2014,Fall,2014-fa,MATH,231,Calculus II,LEC,17,24,21,20,13,22,23,12,12,5,8,7,12,7,196,"Whittlesey, Kim",522.3800000000001,196,2.6652040816326537
52906,2014,Fall,2014-fa,MATH,231,Calculus II,LEC,12,26,41,44,36,27,32,20,13,7,3,1,2,1,264,"Bronski, Jared C",778.33,264,2.948219696969697
52907,2014,Fall,2014-fa,MATH,231,Calculus II,LEC,11,40,40,41,26,34,31,25,23,5,2,5,7,1,290,"Albin, Pierre",828.75,290,2.8577586206896552
55157,2014,Spring,2014-sp,MATH,231,Calculus II,LEC,35,38,25,35,30,22,22,14,6,2,11,3,9,3,252,"Validashti Dizg, Javid",753.9899999999999,252,2.992023809523809
55158,2014,Spring,2014-sp,MATH,231,Calculus II,LEC,48,25,23,25,26,7,13,8,9,6,5,2,8,0,205,"Validashti Dizg, Javid",631.9899999999999,205,3.082878048780487
55159,2014,Spring,2014-sp,MATH,231,Calculus II,LEC,20,14,14,28,14,16,23,18,16,15,12,12,15,3,217,"Gultepe, Funda",521.6400000000001,217,2.403870967741936
55160,2014,Spring,2014-sp,MATH,231,Calculus II,LCD,3,4,5,4,6,6,3,1,0,1,0,0,1,0,34,"Ford, Kevin",104.00999999999999,34,3.059117647058823
55161,2014,Spring,2014-sp,MATH,231,Calculus II,LAB,0,7,2,5,2,0,5,2,0,0,4,0,3,0,30,"Gilbert, Rebekah A",77.64,30,2.588
55162,2014,Spring,2014-sp,MATH,231,Calculus II,LEC,9,10,9,14,17,11,14,15,15,16,17,7,13,2,167,"Gultepe, Funda",366.66,167,2.1955688622754495
55163,2014,Spring,2014-sp,MATH,231,Calculus II,LEC,31,43,25,17,16,24,11,13,10,10,9,2,21,2,232,"McCarthy, Randy",648.4100000000001,232,2.794870689655173
55164,2014,Spring,2014-sp,MATH,231,Calculus II,LCD,0,3,6,2,4,1,1,3,2,0,0,0,0,0,22,"Hong, Euijin",67.02,22,3.0463636363636364
56003,2014,Summer,2014-su,MATH,231,Calculus II,LCD,4,1,2,3,2,5,1,2,0,0,1,1,1,1,23,"Liang, Jian",64.67999999999999,23,2.8121739130434777
56004,2014,Summer,2014-su,MATH,231,Calculus II,LCD,1,4,1,2,4,2,3,1,0,2,2,0,1,0,23,"Burner, Justin",61.32000000000001,23,2.6660869565217395
57911,2013,Fall,2013-fa,MATH,231,Calculus II,LEC,10,21,16,19,16,19,22,15,10,6,2,2,7,1,165,"Ahlgren, Scott D",454.0,165,2.7515151515151515
57912,2013,Fall,2013-fa,MATH,231,Calculus II,LEC,10,18,16,12,18,25,10,16,15,6,6,4,9,3,165,"Whittlesey, Kim",428.44000000000005,165,2.596606060606061
57913,2013,Fall,2013-fa,MATH,231,Calculus II,LEC,9,15,22,12,16,23,21,17,12,8,11,5,8,0,179,"Whittlesey, Kim",454.07000000000005,179,2.5367039106145253
57914,2013,Fall,2013-fa,MATH,231,Calculus II,LEC,13,57,42,34,42,29,14,25,11,9,11,0,4,2,291,"Bronski, Jared C",874.75,291,3.0060137457044673
57915,2013,Fall,2013-fa,MATH,231,Calculus II,LEC,19,50,38,34,62,28,24,21,7,8,7,0,11,1,309,"DeVille, Robert E",916.69,309,2.96663430420712
60195,2013,Spring,2013-sp,MATH,231,Calculus II,LEC,8,23,18,21,37,14,19,25,14,6,9,7,8,0,209,"Oikhberg, Timur",547.69,209,2.620526315789474
60196,2013,Spring,2013-sp,MATH,231,Calculus II,LEC,10,20,13,16,31,16,10,14,10,10,6,4,13,3,173,"Oikhberg, Timur",446.69000000000005,173,2.5820231213872837
60197,2013,Spring,2013-sp,MATH,231,Calculus II,LEC,26,22,28,30,30,28,22,26,17,7,8,1,7,3,252,"Dowdall, Spencer D",709.0499999999998,252,2.8136904761904757
60198,2013,Spring,2013-sp,MATH,231,Calculus II,LAB,0,3,3,3,3,4,7,1,2,0,0,1,3,1,30,"Gilbert, Rebekah A",75.00000000000001,30,2.5000000000000004
60199,2013,Spring,2013-sp,MATH,231,Calculus II,LEC,28,29,20,37,25,25,26,15,16,8,6,2,2,0,239,"Dowdall, Spencer D",701.6400000000001,239,2.9357322175732223
60200,2013,Spring,2013-sp,MATH,231,Calculus II,LEC,31,27,32,17,17,24,10,18,6,9,8,7,17,1,223,"McCarthy, Randy",615.11,223,2.758340807174888
60201,2013,Spring,2013-sp,MATH,231,Calculus II,LCD,7,3,2,1,2,3,2,1,0,1,1,1,1,0,25,"Liang, Jian",74.34,25,2.9736000000000002
60657,2013,Spring,2013-sp,RHET,105,Principles of Composition,LCD,0,7,2,8,3,1,0,0,0,0,0,0,0,0,21,"Runkle, Stephen A",73.65,21,3.5071428571428576
60658,2013,Spring,2013-sp,RHET,105,Principles of Composition,LCD,0,17,1,0,2,0,0,0,0,0,0,0,2,0,22,"Cassinelli, Sarah M",77.67,22,3.5304545454545457
61044,2013,Summer,2013-su,MATH,231,Calculus II,LCD,2,2,2,0,3,5,2,2,4,1,2,0,4,1,29,"Vellis, Vyron S",64.36000000000001,29,2.2193103448275866
61045,2013,Summer,2013-su,MATH,231,Calculus II,LCD,3,3,0,3,5,2,2,1,1,1,3,1,1,0,26,"Liang, Jian",67.66,26,2.602307692307692
62874,2012,Fall,2012-fa,MATH,231,Calculus II,LEC,9,9,19,19,20,23,25,14,13,9,6,2,12,2,180,"Laugesen, Richard S",453.67999999999995,180,2.5204444444444443
62875,2012,Fall,2012-fa,MATH,231,Calculus II,LEC,11,7,24,24,21,16,28,20,10,13,12,7,20,4,213,"Ford, Kevin",501.64000000000004,213,2.355117370892019
62876,2012,Fall,2012-fa,MATH,231,Calculus II,LEC,9,16,25,13,21,29,25,21,19,12,8,16,13,2,227,"Ford, Kevin",542.13,227,2.388237885462555
62877,2012,Fall,2012-fa,MATH,231,Calculus II,LCD,0,13,4,1,6,0,1,0,0,0,0,0,0,0,25,"Junge, Marius",90.34,25,3.6136
62878,2012,Fall,2012-fa,MATH,231,Calculus II,LEC,11,31,31,42,29,29,24,27,7,12,6,8,7,1,264,"Tyson, Jeremy",734.99,264,2.7840530303030304
62879,2012,Fall,2012-fa,MATH,231,Calculus II,LEC,10,36,38,34,39,32,30,24,14,11,7,3,5,1,283,"DeVille, Robert E",804.0400000000001,283,2.84113074204947
63742,2012,Spring,2012-sp,MATH,231,Calculus II,LCD,2,8,0,1,5,0,1,4,0,0,2,0,0,1,23,"Park, Hyunchul",70.66,23,3.072173913043478
63743,2012,Spring,2012-sp,MATH,231,Calculus II,LCD,0,1,3,2,4,4,2,3,0,1,1,0,2,1,23,"Vellis, Vyron S",57.34,23,2.4930434782608697
63919,2012,Summer,2012-su,MATH,231,Calculus II,LCD,2,8,0,1,5,0,1,4,0,0,2,0,0,1,23,"Park, Hyunchul",70.66,23,3.072173913043478
63920,2012,Summer,2012-su,MATH,231,Calculus II,LCD,0,1,3,2,4,4,2,3,0,1,1,0,2,1,23,"Vellis, Vyron S",57.34,23,2.4930434782608697
65921,2011,Fall,2011-fa,MATH,231,Calculus II,LEC,9,14,9,25,23,16,28,20,11,10,10,5,15,3,195,"Ahlgren, Scott D",470.26000000000005,195,2.4115897435897438
65922,2011,Fall,2011-fa,MATH,231,Calculus II,LEC,9,24,30,40,18,27,26,19,18,6,9,2,6,0,234,"Tyson, Jeremy",648.35,234,2.7707264957264957
65923,2011,Fall,2011-fa,MATH,231,Calculus II,LEC,14,15,31,19,30,15,18,11,8,7,4,2,2,1,176,"Laugesen, Richard S",515.0400000000001,176,2.9263636363636367
65924,2011,Fall,2011-fa,MATH,231,Calculus II,LEC,6,22,23,20,23,22,20,17,20,9,0,3,13,1,198,"Bronski, Jared C",518.73,198,2.619848484848485
65925,2011,Fall,2011-fa,MATH,231,Calculus II,LCD,3,5,2,1,9,2,0,0,2,0,0,0,0,0,24,"Leininger, Christopher J",78.35000000000001,24,3.264583333333334
65926,2011,Fall,2011-fa,MATH,231,Calculus II,LEC,10,30,28,26,27,22,17,9,9,10,2,4,9,2,203,"Bronski, Jared C",579.6999999999998,203,2.855665024630541
65927,2011,Fall,2011-fa,MATH,231,Calculus II,LBD,0,6,4,1,8,1,0,5,3,1,2,1,0,0,32,"Rios, Francisco R",87.69,32,2.7403125
66379,2011,Fall,2011-fa,RHET,105,Principles of Composition,LCD,2,4,9,1,0,2,1,0,1,0,0,0,1,0,21,"Shetina, Michael D",69.7,21,3.3190476190476192
66380,2011,Fall,2011-fa,RHET,105,Principles of Composition,LCD,1,6,4,5,1,2,2,0,1,0,0,0,0,0,22,"Musser, John J",74.0,22,3.3636363636363638
66381,2011,Fall,2011-fa,RHET,105,Principles of Composition,LCD,0,10,7,1,1,1,1,0,0,0,0,0,0,0,21,"Melko, Erica M",77.02,21,3.6676190476190476
66382,2011,Fall,2011-fa,RHET,105,Principles of Composition,LCD,0,4,4,5,4,2,1,0,0,0,0,0,1,0,21,"Flowers, Katherine S",67.0,21,3.1904761904761907
66383,2011,Fall,2011-fa,RHET,105,Principles of Composition,LCD,0,1,6,2,6,4,0,3,0,0,0,0,0,1,22,"Odom, Michael J",67.36,22,3.061818181818182
66384,2011,Fall,2011-fa,RHET,105,Principles of Composition,LCD,0,15,4,0,1,1,0,0,0,0,0,0,0,1,21,"Vigiletti, Elyse R",80.35000000000001,21,3.826190476190477
66385,2011,Fall,2011-fa,RHET,105,Principles of Composition,LCD,0,9,6,1,2,1,2,1,0,0,0,0,0,0,22,"O'Dell, Benjamin D",76.67999999999999,22,3.485454545454545
66386,2011,Fall,2011-fa,RHET,105,Principles of Composition,LCD,0,5,10,7,0,0,0,0,0,0,0,0,0,0,22,"McGuire, Lee",80.01,22,3.636818181818182
66387,2011,Fall,2011-fa,RHET,105,Principles of Composition,LCD,0,8,7,3,4,0,0,0,0,0,0,0,0,0,22,"Samanie, Rachel A",79.67999999999999,22,3.6218181818181816
66388,2011,Fall,2011-fa,RHET,105,Principles of Composition,LCD,0,13,2,1,3,1,0,0,0,0,0,0,1,0,21,"Moss, Andrew P",74.34,21,3.54
66389,2011,Fall,2011-fa,RHET,105,Principles of Composition,LCD,0,14,3,3,2,0,0,0,1,0,0,0,0,0,23,"Caudill, Cody",84.67,23,3.681304347826087
66390,2011,Fall,2011-fa,RHET,105,Principles of Composition,LCD,0,17,3,1,0,0,0,0,0,0,0,0,0,0,21,"Moss, Andrew P",82.34,21,3.920952380952381
66391,2011,Fall,2011-fa,RHET,105,Principles of Composition,LCD,5,7,6,0,0,0,0,0,0,0,1,0,2,0,21,,71.02,21,3.3819047619047615
66392,2011,Fall,2011-fa,RHET,105,Principles of Composition,LCD,3,13,4,0,1,0,0,0,1,0,0,0,0,0,22,"Hapke, Gail L",83.35000000000001,22,3.788636363636364
66393,2011,Fall,2011-fa,RHET,105,Principles of Composition,LCD,0,14,4,1,4,0,0,0,0,0,0,0,0,0,23,"Caudill, Cody",86.01,23,3.7395652173913048
66394,2011,Fall,2011-fa,RHET,105,Principles of Composition,LCD,0,4,7,7,1,0,0,0,0,0,0,0,2,0,21,"O'Brien, Matthew J",68.0,21,3.238095238095238
66395,2011,Fall,2011-fa,RHET,105,Principles of Composition,LCD,0,0,1,4,3,6,1,3,2,1,1,0,0,0,22,"Haynes, Robert",56.010000000000005,22,2.5459090909090913
66396,2011,Fall,2011-fa,RHET,105,Principles of Composition,LCD,0,17,2,2,1,0,0,0,0,0,0,0,0,0,22,"Wong, Daniel S",85.0,22,3.8636363636363638
66397,2011,Fall,2011-fa,RHET,105,Principles of Composition,LCD,0,9,5,3,1,2,0,0,0,0,1,0,0,0,21,"O'Brien, Valerie E",73.68,21,3.508571428571429
66398,2011,Fall,2011-fa,RHET,105,Principles of Composition,LCD,0,4,4,4,5,2,1,0,1,0,0,0,0,1,21,"Ricketts, Scott",68.34,21,3.2542857142857144
66399,2011,Fall,2011-fa,RHET,105,Principles of Composition,LCD,1,5,4,2,2,3,0,1,1,1,1,0,0,0,21,"Cottingham, Mary Rose",65.35000000000001,21,3.1119047619047624
66400,2011,Fall,2011-fa,RHET,105,Principles of Composition,LCD,0,0,2,2,5,5,3,3,1,0,0,0,1,0,22,"Haynes, Robert",57.010000000000005,22,2.5913636363636368
66401,2011,Fall,2011-fa,RHET,105,Principles of Composition,LCD,0,2,8,8,2,0,0,0,1,0,0,0,0,1,21,"Beach, Jensen W",71.67,21,3.412857142857143
66402,2011,Fall,2011-fa,RHET,105,Principles of Composition,LCD,3,13,3,0,1,0,0,0,0,0,0,0,2,0,22,,78.01,22,3.5459090909090913
66403,2011,Fall,2011-fa,RHET,105,Principles of Composition,LCD,0,5,6,5,4,0,0,1,0,0,0,0,0,0,21,"Wright, David C",72.66999999999999,21,3.46047619047619
66404,2011,Fall,2011-fa,RHET,105,Principles of Composition,LCD,1,0,3,3,7,3,3,0,1,0,0,0,0,0,21,"Mesnard, Natalie A",62.67,21,2.9842857142857144
66405,2011,Fall,2011-fa,RHET,105,Principles of Composition,LCD,0,10,3,6,1,0,0,1,0,0,0,0,0,0,21,"Truran, Wendy J",75.99,21,3.6185714285714283
66406,2011,Fall,2011-fa,RHET,105,Principles of Composition,LCD,0,7,2,5,4,1,0,1,2,0,0,0,0,0,22,"Snow, Spencer",72.0,22,3.272727272727273
66407,2011,Fall,2011-fa,RHET,105,Principles of Composition,LCD,2,6,7,3,2,0,0,0,0,0,0,0,2,0,22,"Weber, Rebecca",73.67999999999999,22,3.3490909090909087
66408,2011,Fall,2011-fa,RHET,105,Principles of Composition,LCD,0,8,9,3,2,0,0,0,0,0,0,0,0,0,22,"Beach, Jensen W",81.02,22,3.6827272727272726
66409,2011,Fall,2011-fa,RHET,105,Principles of Composition,LCD,0,1,11,6,3,0,0,0,0,0,0,0,1,0,22,"Ricketts, Scott",73.35,22,3.334090909090909
66410,2011,Fall,2011-fa,RHET,105,Principles of Composition,LCD,0,15,4,1,1,0,0,0,0,0,0,0,0,1,21,"Snow, Spencer",81.01,21,3.857619047619048
66411,2011,Fall,2011-fa,RHET,105,Principles of Composition,LCD,0,12,4,2,2,2,0,0,0,0,0,0,0,0,22,"Saunders, Pamela A",80.68,22,3.6672727272727275
66412,2011,Fall,2011-fa,RHET,105,Principles of Composition,LCD,0,8,7,3,3,0,0,0,0,0,0,0,0,0,21,"Thom Porter, Jessica L",76.67999999999999,21,3.6514285714285712
66413,2011,Fall,2011-fa,RHET,105,Principles of Composition,LCD,0,15,2,1,1,0,0,1,0,0,1,0,1,0,22,"Simon Power, Kaia L",76.67,22,3.485
66414,2011,Fall,2011-fa,RHET,105,Principles of Composition,LCD,0,7,13,1,0,1,0,0,0,0,0,0,0,0,22,"McCormick, Julie M",81.71000000000001,22,3.7140909090909093
66415,2011,Fall,2011-fa,RHET,105,Principles of Composition,LCD,1,16,5,0,1,0,0,0,0,0,0,0,0,0,23,"Thom Porter, Jessica L",89.35,23,3.884782608695652
66416,2011,Fall,2011-fa,RHET,105,Principles of Composition,LCD,0,4,11,7,0,0,1,0,0,0,0,0,0,0,23,"Williams, Kyle J",82.01,23,3.5656521739130436
66417,2011,Fall,2011-fa,RHET,105,Principles of Composition,LCD,0,5,8,6,1,0,1,0,0,0,0,0,0,0,21,"Webb, Gregory M",74.67,21,3.5557142857142856
66418,2011,Fall,2011-fa,RHET,105,Principles of Composition,LCD,0,14,2,2,2,0,0,0,0,0,0,0,1,0,21,"Larsen, Linda",76.0,21,3.619047619047619
66419,2011,Fall,2011-fa,RHET,105,Principles of Composition,LCD,0,10,9,1,1,1,0,0,0,0,0,0,0,0,22,"Sanders, John T",82.03,22,3.7286363636363635
66420,2011,Fall,2011-fa,RHET,105,Principles of Composition,LCD,0,1,9,3,7,1,2,0,0,0,0,0,0,0,23,"Runkle, Stephen A",75.35000000000001,23,3.2760869565217394
66421,2011,Fall,2011-fa,RHET,105,Principles of Composition,LCD,0,4,5,6,1,3,1,1,0,0,0,0,0,0,21,"Rosell, Carla B",69.67,21,3.317619047619048
66422,2011,Fall,2011-fa,RHET,105,Principles of Composition,LCD,0,7,10,5,0,0,0,0,0,0,0,0,0,0,22,"McGuire, Lee",81.35,22,3.6977272727272723
66423,2011,Fall,2011-fa,RHET,105,Principles of Composition,LCD,0,11,7,0,4,0,0,0,0,0,0,0,0,0,22,"Larsen, Linda",81.69,22,3.713181818181818
66424,2011,Fall,2011-fa,RHET,105,Principles of Composition,LCD,2,12,2,2,1,0,0,0,1,0,0,0,1,0,21,"Livingston, Julia R",74.67,21,3.5557142857142856
66425,2011,Fall,2011-fa,RHET,105,Principles of Composition,LCD,0,1,10,3,2,2,0,0,0,1,0,1,1,0,21,"Cherolis, Stephanie M",64.03,21,3.0490476190476192
66426,2011,Fall,2011-fa,RHET,105,Principles of Composition,LCD,0,3,8,4,5,0,1,0,0,0,0,0,0,0,21,"Runkle, Stephen A",72.01,21,3.429047619047619
66427,2011,Fall,2011-fa,RHET,105,Principles of Composition,LCD,0,4,9,8,0,1,0,0,0,0,0,0,0,0,22,"Webb, Gregory M",78.34,22,3.560909090909091
66428,2011,Fall,2011-fa,RHET,105,Principles of Composition,LCD,2,10,2,2,3,2,0,0,0,1,0,0,0,0,22,"Livingston, Julia R",77.67,22,3.5304545454545457
66429,2011,Fall,2011-fa,RHET,105,Principles of Composition,LCD,0,14,3,3,1,0,0,0,0,0,0,0,0,0,21,"Snow, Spencer",80.0,21,3.8095238095238093
66430,2011,Fall,2011-fa,RHET,105,Principles of Composition,LCD,1,12,4,0,3,0,0,0,0,0,0,0,1,0,21,"Olinger, Andrea",75.68,21,3.6038095238095242
66431,2011,Fall,2011-fa,RHET,105,Principles of Composition,LCD,0,9,8,3,1,0,0,0,0,0,0,0,1,0,22,"Morris, David",78.35,22,3.561363636363636
66432,2011,Fall,2011-fa,RHET,105,Principles of Composition,LCD,0,5,2,7,8,0,0,0,0,0,0,0,0,0,22,"Runkle, Stephen A",74.65,22,3.3931818181818185
66433,2011,Fall,2011-fa,RHET,105,Principles of Composition,LCD,0,16,3,1,2,0,0,1,0,0,0,0,0,0,23,"Wong, Jessica",86.34,23,3.753913043478261
66434,2011,Fall,2011-fa,RHET,105,Principles of Composition,LCD,0,7,4,4,3,2,1,0,1,0,0,0,0,0,22,"Cavallaro, Alexandra",74.34,22,3.3790909090909094
66435,2011,Fall,2011-fa,RHET,105,Principles of Composition,LCD,0,10,7,3,2,0,0,0,0,0,0,0,0,0,22,"Wood, Elaine S",81.67999999999999,22,3.7127272727272724
66436,2011,Fall,2011-fa,RHET,105,Principles of Composition,LCD,1,17,2,0,0,0,1,0,0,0,0,0,0,0,21,"Olinger, Andrea",81.67,21,3.889047619047619
66437,2011,Fall,2011-fa,RHET,105,Principles of Composition,LCD,0,8,7,4,3,0,0,0,0,0,0,0,0,0,22,"Morris, David",80.00999999999999,22,3.6368181818181813
66438,2011,Fall,2011-fa,RHET,105,Principles of Composition,LCD,0,14,5,2,1,0,0,0,0,0,0,0,1,0,23,"Wong, Jessica",84.00999999999999,23,3.6526086956521735
66439,2011,Fall,2011-fa,RHET,105,Principles of Composition,LCD,0,6,8,0,5,0,0,1,0,0,0,0,1,0,21,"Livingston, Julia R",70.36,21,3.3504761904761904
66440,2011,Fall,2011-fa,RHET,105,Principles of Composition,LCD,1,4,10,3,1,2,0,0,0,0,0,0,0,0,21,"Moore, John L",75.03,21,3.572857142857143
66441,2011,Fall,2011-fa,RHET,105,Principles of Composition,LCD,0,4,7,5,1,1,1,1,1,0,0,1,0,0,22,"Hays, Mary L",70.67999999999999,22,3.2127272727272724
66442,2011,Fall,2011-fa,RHET,105,Principles of Composition,LCD,0,17,4,0,0,1,0,0,0,0,0,0,0,0,22,"Wong, Daniel S",85.35000000000001,22,3.879545454545455
66443,2011,Fall,2011-fa,RHET,105,Principles of Composition,LCD,0,9,7,3,3,0,0,0,0,0,0,0,0,0,22,"McGuire, Lee",80.67999999999999,22,3.667272727272727
66444,2011,Fall,2011-fa,RHET,105,Principles of Composition,LCD,1,13,7,1,0,0,0,0,0,0,0,0,1,0,23,"Sanders, John T",85.02,23,3.696521739130435
66445,2011,Fall,2011-fa,RHET,105,Principles of Composition,LCD,0,8,5,3,1,0,0,0,2,0,0,0,2,0,21,"Beach, Jensen W",66.68,21,3.1752380952380954
66446,2011,Fall,2011-fa,RHET,105,Principles of Composition,LCD,0,10,0,6,5,0,1,0,0,0,0,0,0,0,22,"Wong, Daniel S",77.31,22,3.514090909090909
68359,2011,Spring,2011-sp,MATH,231,Calculus II,LEC,9,18,34,33,36,26,35,19,13,11,8,8,8,2,258,"Ahlgren, Scott D",689.34,258,2.6718604651162794
68360,2011,Spring,2011-sp,MATH,231,Calculus II,LEC,11,24,36,32,19,25,30,23,14,10,18,8,17,1,267,"La Nave, Gabriele",678.37,267,2.540711610486891
68361,2011,Spring,2011-sp,MATH,231,Calculus II,LEC,7,28,18,23,60,17,20,43,9,5,16,5,19,2,270,"Murphy, Robert F",681.67,270,2.5247037037037035
68362,2011,Spring,2011-sp,MATH,231,Calculus II,LCD,3,9,4,5,4,3,0,0,1,0,0,0,1,0,30,"Leininger, Christopher J",101.01,30,3.367
68363,2011,Spring,2011-sp,MATH,231,Calculus II,LEC,2,6,4,5,7,8,6,6,3,2,2,2,5,1,58,"Lior, Dan U",142.68,58,2.46
68364,2011,Spring,2011-sp,MATH,231,Calculus II,LEC,8,43,15,15,44,11,8,25,12,5,12,3,21,1,222,"Murphy, Robert F",579.7099999999999,222,2.611306306306306
68365,2011,Spring,2011-sp,MATH,231,Calculus II,LCD,2,3,3,2,5,3,2,2,3,0,1,2,3,1,31,"Kinnersley, William B",76.69000000000001,31,2.4738709677419357
68843,2011,Spring,2011-sp,RHET,105,Principles of Composition,LCD,1,0,3,5,5,2,3,0,0,0,1,0,1,0,21,"Garber, Cecily R",59.99,21,2.856666666666667
68844,2011,Spring,2011-sp,RHET,105,Principles of Composition,LCD,0,9,5,3,3,0,0,1,0,0,0,0,0,0,21,"Wong, Daniel S",75.34,21,3.587619047619048
68845,2011,Spring,2011-sp,RHET,105,Principles of Composition,LCD,0,13,6,0,0,0,0,0,1,0,1,0,1,0,22,"Lee, Jean Y",76.69,22,3.485909090909091
68846,2011,Spring,2011-sp,RHET,105,Principles of Composition,LCD,0,3,6,4,6,1,0,0,1,0,0,0,1,0,22,"Odom, Michael J",69.68,22,3.1672727272727275
68847,2011,Spring,2011-sp,RHET,105,Principles of Composition,LCD,0,6,9,3,2,1,0,0,0,0,0,0,1,0,22,"Snow, Spencer",75.69,22,3.4404545454545454
68848,2011,Spring,2011-sp,RHET,105,Principles of Composition,LCD,0,11,3,2,1,2,0,0,0,0,0,0,2,0,21,"Larsen, Linda",70.01,21,3.3338095238095242
68849,2011,Spring,2011-sp,RHET,105,Principles of Composition,LCD,19,0,0,0,1,0,0,0,0,0,0,0,1,0,21,"Herakovich, Thomas",79.0,21,3.761904761904762
68850,2011,Spring,2011-sp,RHET,105,Principles of Composition,LCD,0,1,9,3,4,4,1,0,0,0,0,0,0,0,22,"Williams, Kyle J",72.03,22,3.274090909090909
68851,2011,Spring,2011-sp,RHET,105,Principles of Composition,LCD,0,2,14,4,1,0,0,0,0,0,0,0,0,0,21,"Williams, Kyle J",75.69999999999999,21,3.6047619047619044
68852,2011,Spring,2011-sp,RHET,105,Principles of Composition,LCD,5,8,4,1,0,2,1,1,0,0,0,0,0,0,22,"Hays, Mary L",79.68,22,3.621818181818182
68853,2011,Spring,2011-sp,RHET,105,Principles of Composition,LCD,0,15,2,2,0,0,0,2,0,0,0,0,0,0,21,"Moss, Andrew P",78.0,21,3.7142857142857144
68854,2011,Spring,2011-sp,RHET,105,Principles of Composition,LCD,1,6,6,4,3,0,0,0,0,0,0,0,1,0,21,"Moss, Andrew P",72.34,21,3.444761904761905
68855,2011,Spring,2011-sp,RHET,105,Principles of Composition,LCD,0,8,9,3,1,0,0,1,0,0,0,0,0,0,22,"Larsen, Linda",80.02,22,3.637272727272727
68856,2011,Spring,2011-sp,RHET,105,Principles of Composition,LCD,9,7,0,2,1,0,0,0,0,2,0,0,0,0,21,"Hays, Mary L",76.32,21,3.634285714285714
68857,2011,Spring,2011-sp,RHET,105,Principles of Composition,LCD,0,12,4,2,3,0,1,0,0,0,0,0,0,0,22,"Ha, In Hye",80.67,22,3.666818181818182
68858,2011,Spring,2011-sp,RHET,105,Principles of Composition,LCD,0,4,6,5,2,3,0,1,0,0,0,0,0,0,21,"Clements, Jill H",70.67999999999999,21,3.365714285714285
68859,2011,Spring,2011-sp,RHET,105,Principles of Composition,LCD,2,4,5,3,1,3,1,0,1,0,0,0,1,0,21,"Wright, David C",67.35000000000001,21,3.2071428571428577
68860,2011,Spring,2011-sp,RHET,105,Principles of Composition,LCD,8,5,1,0,2,1,0,1,0,1,0,0,2,0,21,"Hays, Mary L",67.67,21,3.2223809523809526
68861,2011,Spring,2011-sp,RHET,105,Principles of Composition,LCD,0,3,8,8,1,0,0,0,0,0,0,0,1,0,21,"Boynton, Tom",71.0,21,3.380952380952381
68862,2011,Spring,2011-sp,RHET,105,Principles of Composition,LCD,1,11,7,0,2,0,0,1,0,0,0,0,0,0,22,"Oneil, John C",81.69,22,3.713181818181818
68863,2011,Spring,2011-sp,RHET,105,Principles of Composition,LCD,6,13,2,0,0,0,0,0,0,0,0,1,0,0,22,,84.01,22,3.818636363636364
68864,2011,Spring,2011-sp,RHET,105,Principles of Composition,LCD,1,2,8,2,6,0,0,1,0,0,0,0,2,0,22,"Joseph, Terra D",68.02,22,3.091818181818182
68865,2011,Spring,2011-sp,RHET,105,Principles of Composition,LCD,0,2,5,9,4,1,0,0,0,0,0,0,1,0,22,"Dahlquist, Mark",70.99,22,3.2268181818181816
68866,2011,Spring,2011-sp,RHET,105,Principles of Composition,LCD,3,17,0,0,1,0,0,0,0,0,0,0,0,0,21,"Cooper, Bethany R",83.0,21,3.9523809523809526
68867,2011,Spring,2011-sp,RHET,105,Principles of Composition,LCD,2,5,5,3,5,0,0,1,0,0,1,0,0,0,22,"Tong, Xiao Di",74.34,22,3.3790909090909094
68868,2011,Spring,2011-sp,RHET,105,Principles of Composition,LCD,1,4,5,5,1,3,1,1,0,0,0,0,1,0,22,"Wright, David C",70.34,22,3.1972727272727273
68869,2011,Spring,2011-sp,RHET,105,Principles of Composition,LCD,0,18,1,0,1,0,0,0,0,0,1,0,0,0,21,"Thom Porter, Jessica L",79.67,21,3.7938095238095237
68870,2011,Spring,2011-sp,RHET,105,Principles of Composition,LCD,2,10,5,2,2,0,0,0,0,0,0,0,1,0,22,"Dennis, Sarah",79.00999999999999,22,3.591363636363636
68871,2011,Spring,2011-sp,RHET,105,Principles of Composition,LCD,0,16,1,2,0,0,0,0,0,0,3,0,0,0,22,"Thom Porter, Jessica L",77.33,22,3.515
68872,2011,Spring,2011-sp,RHET,105,Principles of Composition,LCD,2,8,7,2,2,1,1,0,0,0,0,0,0,0,23,"Ridgway, Franklin W",83.35,23,3.6239130434782605
68873,2011,Spring,2011-sp,RHET,105,Principles of Composition,LCD,0,1,6,4,10,0,1,0,0,0,0,0,0,0,22,"Runkle, Stephen A",71.67,22,3.257727272727273
68874,2011,Spring,2011-sp,RHET,105,Principles of Composition,LCD,0,6,2,7,6,0,0,0,0,0,0,0,1,0,22,"Karns, Sean",72.65,22,3.3022727272727277
68875,2011,Spring,2011-sp,RHET,105,Principles of Composition,LCD,0,9,5,5,2,1,0,0,0,0,0,0,0,0,22,"Morris, David",79.67,22,3.6213636363636366
68876,2011,Spring,2011-sp,RHET,105,Principles of Composition,LCD,0,10,3,2,2,0,0,1,0,0,0,0,4,0,22,"Livingston, Julia R",65.67,22,2.985
68877,2011,Spring,2011-sp,RHET,105,Principles of Composition,LCD,0,9,3,4,2,1,0,0,0,0,1,0,1,0,21,"Caudill, Cody",70.0,21,3.3333333333333335
68878,2011,Spring,2011-sp,RHET,105,Principles of Composition,LCD,4,3,7,1,2,0,1,1,1,0,0,0,1,0,21,"Nardi, Richard",69.02,21,3.2866666666666666
68879,2011,Spring,2011-sp,RHET,105,Principles of Composition,LCD,0,17,2,1,1,1,0,0,0,0,0,0,0,0,22,"Vigiletti, Elyse R",84.34,22,3.833636363636364
68880,2011,Spring,2011-sp,RHET,105,Principles of Composition,LCD,2,4,5,5,1,1,4,0,0,0,0,0,0,0,22,"Penn, Darren K",73.99000000000001,22,3.3631818181818187
68881,2011,Spring,2011-sp,RHET,105,Principles of Composition,LCD,0,7,1,5,8,1,0,0,0,0,0,0,0,0,22,"Shea, Anne O",74.99,22,3.4086363636363632
68882,2011,Spring,2011-sp,RHET,105,Principles of Composition,LCD,0,7,11,1,2,0,0,0,0,0,0,0,0,0,21,"Saunders, Pamela A",77.7,21,3.7
68883,2011,Spring,2011-sp,RHET,105,Principles of Composition,LCD,2,4,0,9,1,3,1,0,1,0,0,0,0,1,21,"Livingston, Julia R",68.98,21,3.284761904761905
68884,2011,Spring,2011-sp,RHET,105,Principles of Composition,LCD,0,18,3,1,0,0,0,0,0,0,0,0,0,0,22,"Wong, Jessica",86.34,22,3.924545454545455
68885,2011,Spring,2011-sp,RHET,105,Principles of Composition,LCD,3,1,4,5,3,1,2,2,0,0,0,0,1,0,22,"Penn, Darren K",67.66,22,3.075454545454545
68886,2011,Spring,2011-sp,RHET,105,Principles of Composition,LCD,0,2,12,4,0,2,0,0,0,0,0,0,1,0,21,"Simeone, Christopher",70.7,21,3.3666666666666667
68887,2011,Spring,2011-sp,RHET,105,Principles of Composition,LCD,1,8,3,1,2,3,1,2,0,0,0,0,1,0,22,"Livingston, Julia R",70.67999999999999,22,3.2127272727272724
68888,2011,Spring,2011-sp,RHET,105,Principles of Composition,LCD,3,8,6,3,2,0,0,0,0,0,0,0,0,0,22,"Weber, Rebecca",82.00999999999999,22,3.727727272727272
68889,2011,Spring,2011-sp,RHET,105,Principles of Composition,LCD,0,12,7,0,2,0,0,0,0,0,0,0,0,0,21,"Wood, Elaine S",79.69,21,3.794761904761905
68890,2011,Spring,2011-sp,RHET,105,Principles of Composition,LCD,0,5,6,9,1,1,0,0,0,0,0,0,0,0,22,"Runkle, Stephen A",77.66,22,3.53
68891,2011,Spring,2011-sp,RHET,105,Principles of Composition,LCD,0,5,2,7,6,1,0,0,0,0,0,0,0,0,21,"Simeone, Christopher",71.32000000000001,21,3.3961904761904766
68892,2011,Spring,2011-sp,RHET,105,Principles of Composition,LCD,0,9,2,2,5,0,2,0,0,0,0,0,2,0,22,"Shea, Anne O",69.66,22,3.166363636363636
68893,2011,Spring,2011-sp,RHET,105,Principles of Composition,LCD,0,5,1,7,6,1,1,0,0,0,0,0,0,0,21,"Runkle, Stephen A",69.98,21,3.3323809523809524
68894,2011,Spring,2011-sp,RHET,105,Principles of Composition,LCD,3,9,3,3,3,0,0,0,0,0,0,0,0,0,21,"Hapke, Gail L",78.0,21,3.7142857142857144
68895,2011,Spring,2011-sp,RHET,105,Principles of Composition,LCD,3,12,5,1,1,0,0,0,0,0,0,0,0,0,22,"Olinger, Andrea",84.67999999999999,22,3.8490909090909087
68896,2011,Spring,2011-sp,RHET,105,Principles of Composition,LCD,0,12,2,2,5,1,0,0,0,0,0,0,0,0,22,"Wong, Daniel S",79.67,22,3.6213636363636366
68897,2011,Spring,2011-sp,RHET,105,Principles of Composition,LCD,0,16,1,0,2,0,1,0,1,0,1,0,0,0,22,"Cooper, Bethany R",78.67,22,3.575909090909091
68898,2011,Spring,2011-sp,RHET,105,Principles of Composition,LCD,0,3,13,2,1,0,1,0,0,0,1,0,0,0,21,"McCormick, Julie M",72.7,21,3.461904761904762
68899,2011,Spring,2011-sp,RHET,105,Principles of Composition,LCD,2,1,3,2,6,3,1,0,0,1,0,0,2,1,21,"Korman, Adam S",59.339999999999996,21,2.8257142857142856
68900,2011,Spring,2011-sp,RHET,105,Principles of Composition,LCD,3,4,7,2,2,1,2,0,0,0,0,0,0,0,21,"Cottingham, Mary Rose",73.67999999999999,21,3.508571428571428
68901,2011,Spring,2011-sp,RHET,105,Principles of Composition,LCD,0,2,6,7,4,0,0,0,1,0,0,0,1,0,21,"Boynton, Tom",67.0,21,3.1904761904761907
68902,2011,Spring,2011-sp,RHET,105,Principles of Composition,LCD,0,13,3,1,2,1,1,0,0,0,0,0,1,0,22,"Dick, Norah K",77.34,22,3.5154545454545456
68903,2011,Spring,2011-sp,RHET,105,Principles of Composition,LCD,1,5,0,4,4,0,1,4,0,1,0,0,1,0,21,"Croan, Blair B",60.98,21,2.9038095238095236
68904,2011,Spring,2011-sp,RHET,105,Principles of Composition,LCD,0,15,5,2,0,0,0,0,0,0,0,0,0,0,22,"Dennis, Sarah",85.00999999999999,22,3.864090909090909
71057,2010,Fall,2010-fa,MATH,231,Calculus II,LEC,2,11,27,28,23,23,8,12,16,8,5,9,3,6,175,"Zharnitsky, Vadim",465.77,175,2.661542857142857
71058,2010,Fall,2010-fa,MATH,231,Calculus II,LEC,17,27,38,32,37,19,22,17,9,11,8,2,2,0,241,"Ahlgren, Scott D",708.01,241,2.9378008298755187
71059,2010,Fall,2010-fa,MATH,231,Calculus II,LEC,10,13,24,24,23,22,22,25,8,6,4,0,6,0,187,"Laugesen, Richard S",514.34,187,2.75048128342246
71060,2010,Fall,2010-fa,MATH,231,Calculus II,LEC,8,47,18,20,17,12,9,25,9,8,12,1,17,1,203,"McCarthy, Randy",545.0099999999999,203,2.684778325123152
71061,2010,Fall,2010-fa,MATH,231,Calculus II,LCD,1,4,1,5,4,4,0,2,0,0,0,0,0,0,21,"D'Angelo, John P",67.0,21,3.1904761904761907
71062,2010,Fall,2010-fa,MATH,231,Calculus II,LEC,32,18,24,25,11,20,17,17,10,8,4,4,11,8,201,"Bergvelt, Maarten J",565.3599999999999,201,2.8127363184079597
71063,2010,Fall,2010-fa,MATH,231,Calculus II,LBD,2,6,8,2,3,0,0,2,0,0,0,0,2,1,25,"Pan, Ziying",81.02,25,3.2407999999999997
71559,2010,Fall,2010-fa,RHET,105,Principles of Composition,LCD,2,11,2,1,3,1,0,1,1,0,0,0,0,0,22,"Dennis, Sarah",78.01,22,3.5459090909090913
71560,2010,Fall,2010-fa,RHET,105,Principles of Composition,LCD,0,11,2,7,2,0,0,0,0,0,0,0,0,0,22,"Moss, Andrew P",80.65,22,3.665909090909091
71561,2010,Fall,2010-fa,RHET,105,Principles of Composition,LCD,6,6,7,0,1,0,0,0,0,0,0,0,1,1,21,"Lee, Jean Y",76.69,21,3.651904761904762
71562,2010,Fall,2010-fa,RHET,105,Principles of Composition,LCD,4,8,0,2,6,0,1,0,0,0,0,0,0,1,21,"Herakovich, Thomas",74.99,21,3.570952380952381
71563,2010,Fall,2010-fa,RHET,105,Principles of Composition,LCD,4,10,2,1,2,0,0,0,2,0,0,0,1,0,22,"Hapke, Gail L",76.01,22,3.455
71564,2010,Fall,2010-fa,RHET,105,Principles of Composition,LCD,4,2,6,2,1,1,0,0,0,1,0,0,4,0,21,,59.67999999999999,21,2.8419047619047615
71565,2010,Fall,2010-fa,RHET,105,Principles of Composition,LCD,0,9,5,3,0,0,0,2,1,0,0,0,2,0,22,"Moss, Andrew P",70.01,22,3.1822727272727276
71566,2010,Fall,2010-fa,RHET,105,Principles of Composition,LCD,0,10,4,3,1,2,1,1,0,0,0,0,0,0,22,"Caudill, Cody",77.34,22,3.5154545454545456
71567,2010,Fall,2010-fa,RHET,105,Principles of Composition,LCD,0,12,2,3,2,1,1,0,0,0,0,0,0,0,21,"Kainulainen, Maggie J",76.33,21,3.6347619047619046
71568,2010,Fall,2010-fa,RHET,105,Principles of Composition,LCD,0,3,10,6,3,0,0,0,0,0,0,0,0,0,22,"Saunders, Pamela A",77.68,22,3.530909090909091
71569,2010,Fall,2010-fa,RHET,105,Principles of Composition,LCD,0,21,0,0,0,0,0,0,0,0,0,0,1,0,22,"Chanda, Debojoy",84.0,22,3.8181818181818183
71570,2010,Fall,2010-fa,RHET,105,Principles of Composition,LCD,0,5,11,4,0,2,0,0,0,0,0,0,0,0,22,"Williams, Kyle J",79.03,22,3.5922727272727273
71571,2010,Fall,2010-fa,RHET,105,Principles of Composition,LCD,0,5,6,4,5,1,0,0,0,0,0,0,1,0,22,"Cavallaro, Alexandra",73.01,22,3.318636363636364
71572,2010,Fall,2010-fa,RHET,105,Principles of Composition,LCD,0,10,5,2,1,0,1,0,0,0,0,0,3,0,22,"Dick, Norah K",70.34,22,3.1972727272727273
71573,2010,Fall,2010-fa,RHET,105,Principles of Composition,LCD,5,15,1,0,0,0,0,0,0,0,1,0,0,0,22,"Lee, Jean Y",84.67,22,3.8486363636363636
71574,2010,Fall,2010-fa,RHET,105,Principles of Composition,LCD,0,5,4,5,6,2,0,0,0,0,0,0,0,0,22,"Larsen, Linda",74.67,22,3.394090909090909
71575,2010,Fall,2010-fa,RHET,105,Principles of Composition,LCD,0,2,13,4,0,2,0,0,0,0,0,0,1,0,22,"Williams, Kyle J",74.37,22,3.380454545454546
71576,2010,Fall,2010-fa,RHET,105,Principles of Composition,LCD,0,5,8,4,2,0,1,0,0,1,0,0,0,0,21,"Gray, Sarah M",72.34,21,3.444761904761905
71577,2010,Fall,2010-fa,RHET,105,Principles of Composition,LCD,20,0,0,0,2,0,0,0,0,0,0,0,0,0,22,"Herakovich, Thomas",86.0,22,3.909090909090909
71578,2010,Fall,2010-fa,RHET,105,Principles of Composition,LCD,0,3,6,7,4,1,0,0,0,0,0,0,1,0,22,"Joseph, Terra D",72.0,22,3.272727272727273
71579,2010,Fall,2010-fa,RHET,105,Principles of Composition,LCD,0,1,9,6,2,2,2,0,0,1,0,0,0,0,23,"Odom, Michael J",74.34,23,3.2321739130434786
71580,2010,Fall,2010-fa,RHET,105,Principles of Composition,LCD,0,4,9,7,1,0,0,0,0,1,0,0,0,0,22,"Hays, Mary L",76.67,22,3.485
71581,2010,Fall,2010-fa,RHET,105,Principles of Composition,LCD,1,13,4,3,1,0,0,0,0,0,0,0,0,0,22,"Thom, Jessica L",83.67,22,3.803181818181818
71582,2010,Fall,2010-fa,RHET,105,Principles of Composition,LCD,1,5,5,4,2,1,0,0,0,0,1,1,1,1,21,"Cottingham, Mary Rose",66.01,21,3.1433333333333335
71583,2010,Fall,2010-fa,RHET,105,Principles of Composition,LCD,0,8,4,4,2,2,0,0,0,0,0,0,1,0,21,"Hetrick, Ashley L",71.34,21,3.3971428571428572
71584,2010,Fall,2010-fa,RHET,105,Principles of Composition,LCD,0,5,6,5,3,1,0,0,2,0,0,0,0,0,22,"Clements, Jill H",73.67999999999999,22,3.3490909090909087
71585,2010,Fall,2010-fa,RHET,105,Principles of Composition,LCD,0,4,7,5,3,1,0,0,0,0,0,1,1,0,22,"Hays, Mary L",70.68,22,3.212727272727273
71586,2010,Fall,2010-fa,RHET,105,Principles of Composition,LCD,0,6,5,5,1,1,0,0,1,0,1,0,2,0,22,"Brabant, Stephanie M",67.34,22,3.060909090909091
71587,2010,Fall,2010-fa,RHET,105,Principles of Composition,LCD,0,2,6,7,5,1,0,0,0,0,0,0,1,0,22,"Dahlquist, Mark",71.0,22,3.227272727272727
71588,2010,Fall,2010-fa,RHET,105,Principles of Composition,LCD,0,7,8,3,3,0,0,0,0,0,0,0,0,1,21,"Luttfring, Sara D",76.35,21,3.6357142857142852
71589,2010,Fall,2010-fa,RHET,105,Principles of Composition,LCD,0,5,7,5,3,0,1,0,1,0,0,0,0,0,22,"Boynton, Tom",75.34,22,3.424545454545455
71590,2010,Fall,2010-fa,RHET,105,Principles of Composition,LCD,0,7,5,3,2,2,1,0,0,0,0,0,1,0,21,"Hays, Mary L",70.01,21,3.3338095238095242
71591,2010,Fall,2010-fa,RHET,105,Principles of Composition,LCD,0,8,5,1,6,0,0,1,0,0,0,0,1,0,22,"Shea, Anne O",73.68,22,3.3490909090909096
71592,2010,Fall,2010-fa,RHET,105,Principles of Composition,LCD,0,0,6,5,8,1,0,0,0,0,0,0,2,0,22,"Dahlquist, Mark",65.34,22,2.97
71593,2010,Fall,2010-fa,RHET,105,Principles of Composition,LCD,0,13,5,1,2,0,0,0,0,0,0,0,0,1,21,"Wong, Daniel S",79.67999999999999,21,3.794285714285714
71594,2010,Fall,2010-fa,RHET,105,Principles of Composition,LCD,0,17,0,0,0,2,1,1,0,0,0,0,1,0,22,"Wong, Jessica",77.67,22,3.5304545454545457
71595,2010,Fall,2010-fa,RHET,105,Principles of Composition,LCD,0,5,6,6,3,1,0,0,0,0,0,0,0,0,21,"Shea, Anne O",73.67,21,3.508095238095238
71596,2010,Fall,2010-fa,RHET,105,Principles of Composition,LCD,0,2,9,2,5,2,1,0,0,0,0,0,0,0,21,"Wright, David C",70.36,21,3.3504761904761904
71597,2010,Fall,2010-fa,RHET,105,Principles of Composition,LCD,2,5,6,4,3,2,0,0,0,0,0,0,0,0,22,"Ridgway, Franklin W",77.68,22,3.530909090909091
71598,2010,Fall,2010-fa,RHET,105,Principles of Composition,LCD,0,15,4,1,0,1,0,1,0,0,0,0,0,0,22,"Wood, Elaine S",82.68,22,3.7581818181818183
71599,2010,Fall,2010-fa,RHET,105,Principles of Composition,LCD,0,1,4,6,4,4,2,1,0,0,0,0,0,0,22,"Thiess, Derek J",68.0,22,3.090909090909091
71600,2010,Fall,2010-fa,RHET,105,Principles of Composition,LCD,0,6,7,6,3,0,0,0,0,0,0,0,0,0,22,"Karns, Sean",78.67,22,3.575909090909091
71601,2010,Fall,2010-fa,RHET,105,Principles of Composition,LCD,2,4,6,4,5,0,0,0,0,0,0,0,0,0,21,"Olinger, Andrea",74.34,21,3.54
71602,2010,Fall,2010-fa,RHET,105,Principles of Composition,LCD,2,11,5,2,0,0,0,2,0,0,0,0,0,0,22,"Garcia-Crespo, Naida",81.00999999999999,22,3.6822727272727267
71603,2010,Fall,2010-fa,RHET,105,Principles of Composition,LCD,3,7,8,1,0,0,1,0,0,0,0,0,1,0,21,"Fadely, Jonathan P",75.02,21,3.572380952380952
71604,2010,Fall,2010-fa,RHET,105,Principles of Composition,LCD,1,6,10,0,3,1,0,0,0,1,0,0,0,0,22,"McGrath, Patrick J",77.7,22,3.5318181818181817
71605,2010,Fall,2010-fa,RHET,105,Principles of Composition,LCD,0,5,11,5,1,0,0,0,0,0,0,0,0,0,22,"Karns, Sean",80.02,22,3.637272727272727
71606,2010,Fall,2010-fa,RHET,105,Principles of Composition,LCD,0,16,2,1,0,0,0,0,1,0,0,0,1,0,21,"Wood, Elaine S",76.34,21,3.6352380952380954
71607,2010,Fall,2010-fa,RHET,105,Principles of Composition,LCD,0,5,9,2,3,0,0,0,2,0,0,0,0,0,21,"McCormick, Julie M",72.03,21,3.43
71608,2010,Fall,2010-fa,RHET,105,Principles of Composition,LCD,2,6,5,2,5,1,1,0,0,0,0,0,0,0,22,"Penn, Darren K",77.01,22,3.5004545454545455
71609,2010,Fall,2010-fa,RHET,105,Principles of Composition,LCD,0,3,5,2,7,4,0,0,0,1,0,0,0,0,22,"Wright, David C",70.02,22,3.1827272727272726
71610,2010,Fall,2010-fa,RHET,105,Principles of Composition,LCD,0,4,3,6,3,3,1,0,2,0,0,0,0,0,22,"Tong, Xiao Di",69.67,22,3.166818181818182
71611,2010,Fall,2010-fa,RHET,105,Principles of Composition,LCD,2,9,5,2,1,0,0,0,0,0,1,0,2,0,22,"Oliverio, Lisa",73.01,22,3.318636363636364
71612,2010,Fall,2010-fa,RHET,105,Principles of Composition,LCD,0,2,3,7,3,2,2,1,1,0,0,0,1,0,22,"Wright, David C",64.99,22,2.9540909090909087
71613,2010,Fall,2010-fa,RHET,105,Principles of Composition,LCD,1,3,3,5,6,2,1,0,0,0,0,0,1,0,22,"Penn, Darren K",69.33,22,3.1513636363636364
71614,2010,Fall,2010-fa,RHET,105,Principles of Composition,LCD,3,10,5,1,2,0,0,0,0,0,0,0,1,0,22,,79.67999999999999,22,3.6218181818181816
71615,2010,Fall,2010-fa,RHET,105,Principles of Composition,LCD,0,3,3,4,6,2,1,2,0,1,0,0,0,0,22,"Tong, Xiao Di",67.33,22,3.0604545454545455
71616,2010,Fall,2010-fa,RHET,105,Principles of Composition,LCD,2,3,11,4,2,0,0,0,0,0,0,0,0,0,22,"Ridgway, Franklin W",79.69,22,3.622272727272727
71617,2010,Fall,2010-fa,RHET,105,Principles of Composition,LCD,0,1,9,2,4,4,0,1,1,0,0,0,0,0,22,"Thiess, Derek J",70.04,22,3.183636363636364
71618,2010,Fall,2010-fa,RHET,105,Principles of Composition,LCD,0,0,8,10,2,2,0,0,0,0,0,0,0,0,22,"Ernstmeyer, Phillip W",74.0,22,3.3636363636363638
71619,2010,Fall,2010-fa,RHET,105,Principles of Composition,LCD,0,13,2,2,3,2,0,0,0,0,0,0,0,0,22,"Livingston, Julia R",80.34,22,3.651818181818182
71620,2010,Fall,2010-fa,RHET,105,Principles of Composition,LCD,0,3,2,8,9,0,0,0,0,0,0,0,0,0,22,"Runkle, Stephen A",72.98,22,3.3172727272727274
71621,2010,Fall,2010-fa,RHET,105,Principles of Composition,LCD,2,12,6,0,0,0,0,0,1,0,1,0,0,0,22,"Weber, Rebecca",80.69,22,3.6677272727272725
71622,2010,Fall,2010-fa,RHET,105,Principles of Composition,LCD,1,16,1,3,0,0,0,0,0,1,0,0,0,0,22,"Olinger, Andrea",82.99,22,3.772272727272727
71623,2010,Fall,2010-fa,RHET,105,Principles of Composition,LCD,0,2,4,2,9,1,1,1,0,0,0,0,1,0,21,"Garber, Cecily R",63.34,21,3.0161904761904763
71624,2010,Fall,2010-fa,RHET,105,Principles of Composition,LCD,4,12,0,2,3,1,0,0,0,0,0,0,0,0,22,"Cooper, Bethany R",82.33,22,3.742272727272727
71625,2010,Fall,2010-fa,RHET,105,Principles of Composition,LCD,0,7,8,3,1,1,0,0,0,0,0,0,2,0,22,"Shea, Anne O",73.02,22,3.319090909090909
71626,2010,Fall,2010-fa,RHET,105,Principles of Composition,LCD,0,14,5,1,0,0,0,0,1,0,0,0,0,0,21,"Luttfring, Sara D",79.35,21,3.7785714285714285
71627,2010,Fall,2010-fa,RHET,105,Principles of Composition,LCD,0,2,9,2,6,3,1,0,0,0,0,0,0,0,23,"Odom, Michael J",76.03,23,3.3056521739130433
71628,2010,Fall,2010-fa,RHET,105,Principles of Composition,LCD,3,7,1,4,4,1,0,0,0,1,0,0,0,1,21,"Cottingham, Mary Rose",72.99000000000001,21,3.475714285714286
71629,2010,Fall,2010-fa,RHET,105,Principles of Composition,LCD,0,4,3,6,9,0,0,0,0,0,0,0,0,0,22,"Runkle, Stephen A",73.99,22,3.363181818181818
71630,2010,Fall,2010-fa,RHET,105,Principles of Composition,LCD,0,5,7,5,3,0,0,0,0,0,0,0,1,0,21,"Boynton, Tom",71.34,21,3.3971428571428572
71631,2010,Fall,2010-fa,RHET,105,Principles of Composition,LCD,5,12,1,1,1,1,0,0,0,0,0,0,1,0,22,"Cooper, Bethany R",80.67,22,3.666818181818182
71632,2010,Fall,2010-fa,RHET,105,Principles of Composition,LCD,3,12,2,3,2,0,0,0,0,0,0,0,0,0,22,"Hapke, Gail L",83.33,22,3.7877272727272726
73619,2010,Spring,2010-sp,MATH,231,Calculus II,LEC,3,22,33,22,29,21,19,22,22,14,6,4,1,3,218,"Miles, Joseph B",589.75,218,2.705275229357798
73620,2010,Spring,2010-sp,MATH,231,Calculus II,LCD,1,4,2,1,2,2,4,0,2,0,0,0,4,1,22,"Beder, Jesse S",54.67,22,2.485
73621,2010,Spring,2010-sp,MATH,231,Calculus II,LEC,13,33,27,23,40,28,31,27,21,20,9,0,11,4,283,"Bronski, Jared C",751.3400000000001,283,2.6549116607773855
73622,2010,Spring,2010-sp,MATH,231,Calculus II,LEC,7,17,19,18,18,20,18,18,14,9,5,4,8,3,175,"Rouse, Jeremy A",454.04,175,2.5945142857142858
73623,2010,Spring,2010-sp,MATH,231,Calculus II,LCD,5,11,7,4,0,1,0,0,0,0,0,0,0,0,28,"Ahlgren, Scott D",105.67999999999999,28,3.774285714285714
73624,2010,Spring,2010-sp,MATH,231,Calculus II,LEC,20,28,14,21,37,14,13,26,14,17,6,6,27,1,243,"Kerman, Ely",599.99,243,2.4690946502057614
73625,2010,Spring,2010-sp,MATH,231,Calculus II,LCD,2,4,3,0,8,1,0,0,1,0,3,2,0,0,24,"Szuta, Patryk L",67.69,24,2.8204166666666666
73626,2010,Spring,2010-sp,MATH,231,Calculus II,LCD,0,3,0,5,5,6,1,0,1,0,0,0,1,1,22,"Solie, Brent B",63.67,22,2.894090909090909
74086,2010,Spring,2010-sp,RHET,105,Principles of Composition,LCD,2,8,2,1,5,1,0,0,0,1,1,0,1,0,22,"Owens, Anne C",70.67,22,3.2122727272727274
74087,2010,Spring,2010-sp,RHET,105,Principles of Composition,LCD,0,5,11,6,0,0,0,0,0,0,0,0,0,0,22,"Williams, Kyle J",80.35,22,3.652272727272727
74088,2010,Spring,2010-sp,RHET,105,Principles of Composition,LCD,0,2,7,1,8,2,1,1,0,0,0,0,0,0,22,"Odom, Michael J",70.69,22,3.213181818181818
74089,2010,Spring,2010-sp,RHET,105,Principles of Composition,LCD,6,12,1,2,0,0,0,0,0,0,0,0,0,0,21,,82.33,21,3.9204761904761902
74090,2010,Spring,2010-sp,RHET,105,Principles of Composition,LCD,0,3,6,3,4,1,1,1,0,0,0,0,3,0,22,"Brabant, Stephanie M",63.01,22,2.864090909090909
74091,2010,Spring,2010-sp,RHET,105,Principles of Composition,LCD,0,6,5,1,2,4,0,1,1,0,1,1,0,0,22,"Hamilton, Jill D",67.7,22,3.0772727272727276
74092,2010,Spring,2010-sp,RHET,105,Principles of Composition,LCD,0,6,3,5,4,0,2,1,0,0,0,1,0,0,22,"Bechtold, Rebeccah B",70.99,22,3.2268181818181816
74093,2010,Spring,2010-sp,RHET,105,Principles of Composition,LCD,0,3,2,5,6,3,1,1,0,0,1,0,0,0,22,"Runkle, Stephen A",67.33,22,3.0604545454545455
74094,2010,Spring,2010-sp,RHET,105,Principles of Composition,LCD,1,12,4,4,0,0,0,0,1,0,0,0,0,0,22,"Rubins, John",81.67,22,3.7122727272727274
74095,2010,Spring,2010-sp,RHET,105,Principles of Composition,LCD,1,5,5,2,6,1,0,0,1,0,0,0,1,0,22,"Shea, Anne O",71.35000000000001,22,3.2431818181818186
74096,2010,Spring,2010-sp,RHET,105,Principles of Composition,LCD,0,4,10,6,0,1,0,0,1,0,0,0,0,0,22,"Wood, Elaine S",77.02000000000001,22,3.5009090909090914
74097,2010,Spring,2010-sp,RHET,105,Principles of Composition,LCD,9,11,1,1,0,0,0,0,0,0,0,0,0,0,22,,87.0,22,3.9545454545454546
74098,2010,Spring,2010-sp,RHET,105,Principles of Composition,LCD,2,6,10,1,1,0,0,1,0,0,0,0,1,0,22,"Oneil, John C",77.03,22,3.5013636363636365
74099,2010,Spring,2010-sp,RHET,105,Principles of Composition,LCD,0,0,3,4,5,8,0,0,0,0,0,0,1,0,21,"Runkle, Stephen A",60.69,21,2.8899999999999997
74100,2010,Spring,2010-sp,RHET,105,Principles of Composition,LCD,1,9,5,1,4,0,0,2,0,0,0,0,0,0,22,"Dolinar, Brian",77.68,22,3.530909090909091
74101,2010,Spring,2010-sp,RHET,105,Principles of Composition,LCD,8,3,5,1,2,0,0,0,0,0,0,0,2,0,21,"Ridgway, Franklin W",71.68,21,3.4133333333333336
74102,2010,Spring,2010-sp,RHET,105,Principles of Composition,LCD,10,2,1,6,1,0,2,0,0,0,0,0,0,0,22,"Herakovich, Thomas",79.31,22,3.605
74103,2010,Spring,2010-sp,RHET,105,Principles of Composition,LCD,3,5,4,2,3,2,3,0,0,0,0,0,0,0,22,"Oneil, John C",74.67,22,3.394090909090909
74104,2010,Spring,2010-sp,RHET,105,Principles of Composition,LCD,0,13,6,2,1,0,0,0,0,0,0,0,0,0,22,"McGuire, Lee",83.67999999999999,22,3.8036363636363633
74105,2010,Spring,2010-sp,RHET,105,Principles of Composition,LCD,0,1,5,10,4,0,0,0,0,0,0,0,2,0,22,"Godlove, Shannon N",67.65,22,3.075
74106,2010,Spring,2010-sp,RHET,105,Principles of Composition,LCD,0,1,4,14,2,0,0,0,0,0,0,0,0,1,21,"Dahlquist, Mark",71.30000000000001,21,3.3952380952380956
74107,2010,Spring,2010-sp,RHET,105,Principles of Composition,LCD,0,7,6,2,2,1,1,0,0,1,0,0,1,0,21,"Borst, Allan G",69.00999999999999,21,3.286190476190476
74108,2010,Spring,2010-sp,RHET,105,Principles of Composition,LCD,0,7,6,3,4,0,0,0,1,0,0,0,0,0,21,"Lebron, Georgepierre F",73.67999999999999,21,3.508571428571428
74109,2010,Spring,2010-sp,RHET,105,Principles of Composition,LCD,0,6,3,4,5,0,0,2,0,0,0,0,1,0,21,"Borst, Allan G",67.33,21,3.2061904761904763
74110,2010,Spring,2010-sp,RHET,105,Principles of Composition,LCD,1,10,7,1,1,0,1,1,0,0,0,0,0,0,22,"Scheuer, Christina B",80.35,22,3.652272727272727
74111,2010,Spring,2010-sp,RHET,105,Principles of Composition,LCD,1,3,7,3,2,2,2,0,1,0,0,0,0,0,21,"Moore, John L",69.35,21,3.302380952380952
74112,2010,Spring,2010-sp,RHET,105,Principles of Composition,LCD,0,5,9,4,2,0,0,1,0,0,0,0,0,0,21,"Cavallaro, Alexandra",74.35,21,3.5404761904761903
74113,2010,Spring,2010-sp,RHET,105,Principles of Composition,LCD,0,4,4,8,2,2,1,0,0,0,0,0,1,0,22,"Joseph, Terra D",70.99,22,3.2268181818181816
74114,2010,Spring,2010-sp,RHET,105,Principles of Composition,LCD,3,5,8,3,0,1,0,0,0,0,0,0,1,1,21,"Korman, Adam S",74.02,21,3.5247619047619048
74115,2010,Spring,2010-sp,RHET,105,Principles of Composition,LCD,0,2,6,8,4,0,1,0,1,0,0,0,0,0,22,"Cavallaro, Alexandra",72.66,22,3.3027272727272727
74116,2010,Spring,2010-sp,RHET,105,Principles of Composition,LCD,4,14,2,1,0,0,0,0,0,0,0,0,0,0,21,"Cooper, Bethany R",82.67,21,3.9366666666666665
74117,2010,Spring,2010-sp,RHET,105,Principles of Composition,LCD,0,15,3,2,2,0,0,0,0,0,0,0,0,0,22,"Wong, Daniel S",83.67,22,3.803181818181818
74118,2010,Spring,2010-sp,RHET,105,Principles of Composition,LCD,0,9,6,3,3,1,0,0,0,0,0,0,0,0,22,"Prendergast, Catherine J",79.67999999999999,22,3.6218181818181816
74119,2010,Spring,2010-sp,RHET,105,Principles of Composition,LCD,0,15,2,1,1,1,1,1,0,0,0,0,0,0,22,"Condis, Megan A",80.67,22,3.666818181818182
74120,2010,Spring,2010-sp,RHET,105,Principles of Composition,LCD,0,14,5,1,2,0,0,0,0,0,0,0,0,0,22,"Herb, Amelia",83.67999999999999,22,3.8036363636363633
74121,2010,Spring,2010-sp,RHET,105,Principles of Composition,LCD,0,4,4,3,6,1,1,1,1,0,0,0,0,0,21,"Ruiz, Ariana A",67.34,21,3.206666666666667
74122,2010,Spring,2010-sp,RHET,105,Principles of Composition,LCD,1,16,4,0,0,0,0,0,0,0,0,0,1,0,22,"Riecker, Micah D",82.68,22,3.7581818181818183
74123,2010,Spring,2010-sp,RHET,105,Principles of Composition,LCD,0,0,5,11,1,1,1,0,1,0,0,1,0,0,21,"Ernstmeyer, Phillip W",65.32000000000001,21,3.1104761904761906
74124,2010,Spring,2010-sp,RHET,105,Principles of Composition,LCD,0,0,6,9,2,1,1,1,0,0,0,0,1,0,21,"Mcwhorter, Sara L",64.99,21,3.0947619047619046
74125,2010,Spring,2010-sp,RHET,105,Principles of Composition,LCD,0,12,2,2,4,1,0,1,0,0,0,0,0,0,22,"Shea, Anne O",78.67,22,3.575909090909091
74126,2010,Spring,2010-sp,RHET,105,Principles of Composition,LCD,0,14,5,2,1,0,0,0,0,0,0,0,0,0,22,"Price, Julie P",84.00999999999999,22,3.8186363636363634
74127,2010,Spring,2010-sp,RHET,105,Principles of Composition,LCD,2,6,3,3,4,0,1,0,1,0,0,0,1,0,21,"Livingston, Julia R",69.0,21,3.2857142857142856
74128,2010,Spring,2010-sp,RHET,105,Principles of Composition,LCD,0,3,10,3,2,1,0,0,1,0,0,0,1,0,21,"Barber, Claire E",69.03,21,3.2871428571428574
74129,2010,Spring,2010-sp,RHET,105,Principles of Composition,LCD,0,2,3,9,3,0,1,0,1,0,1,0,1,0,21,"Ernstmeyer, Phillip W",62.98,21,2.999047619047619
74130,2010,Spring,2010-sp,RHET,105,Principles of Composition,LCD,0,2,4,8,3,1,2,1,1,0,0,0,0,0,22,"Mcwhorter, Sara L",69.32000000000001,22,3.1509090909090913
74131,2010,Spring,2010-sp,RHET,105,Principles of Composition,LCD,3,16,0,0,0,1,0,0,0,0,0,0,2,0,22,"Cooper, Bethany R",78.67,22,3.575909090909091
74132,2010,Spring,2010-sp,RHET,105,Principles of Composition,LCD,0,14,4,1,1,0,0,0,0,0,0,0,2,0,22,"Riede, Austin N",77.01,22,3.5004545454545455
74133,2010,Spring,2010-sp,RHET,105,Principles of Composition,LCD,8,12,1,0,1,0,0,0,0,0,0,0,0,0,22,"Weber, Rebecca",86.67,22,3.9395454545454545
74134,2010,Spring,2010-sp,RHET,105,Principles of Composition,LCD,0,2,11,3,2,2,0,0,1,0,0,1,0,0,22,"Hays, Mary L",72.04,22,3.274545454545455
74135,2010,Spring,2010-sp,RHET,105,Principles of Composition,LCD,7,8,3,0,1,0,2,0,0,0,0,0,1,0,22,"Weber, Rebecca",78.67,22,3.575909090909091
74136,2010,Spring,2010-sp,RHET,105,Principles of Composition,LCD,0,3,5,7,4,2,1,0,0,0,0,0,0,0,22,"Runkle, Stephen A",73.33,22,3.333181818181818
74137,2010,Spring,2010-sp,RHET,105,Principles of Composition,LCD,0,4,8,7,1,0,0,1,0,0,0,0,0,0,21,"Godlove, Shannon N",73.67,21,3.508095238095238
74138,2010,Spring,2010-sp,RHET,105,Principles of Composition,LCD,0,5,13,2,0,1,0,0,1,0,0,0,0,0,22,"Stiles, Bradley J",78.71000000000001,22,3.577727272727273
74139,2010,Spring,2010-sp,RHET,105,Principles of Composition,LCD,0,8,4,3,1,4,1,0,1,0,0,0,0,0,22,"Burchfield, Dana M",74.35,22,3.3795454545454544
74140,2010,Spring,2010-sp,RHET,105,Principles of Composition,LCD,0,14,5,2,0,1,0,0,0,0,0,0,0,0,22,"McGuire, Lee",83.67999999999999,22,3.8036363636363633
